Using pre-set license
Built from '2022.3/staging' branch; Version is '2022.3.23f1 (dbb3f7c5b5c6) revision 14398455'; Using compiler version '192829333'; Build Type 'Release'
OS: 'Windows 11  (10.0.26200) 64bit Core' Language: 'ja' Physical Memory: 8061 MB
BatchMode: 1, IsHumanControllingUs: 0, StartBugReporterOnCrash: 0, Is64bit: 1, IsPro: 1

COMMAND LINE ARGUMENTS:
C:\Program Files\Unity\Hub\Editor\2022.3.23f1\Editor\Unity.exe
-adb2
-batchMode
-noUpm
-name
AssetImportWorker3
-projectPath
C:/Users/yuuic/Desktop/UnityProjects/FPS
-logFile
Logs/AssetImportWorker3.log
-srvPort
61263
Successfully changed project path to: C:/Users/yuuic/Desktop/UnityProjects/FPS
C:/Users/yuuic/Desktop/UnityProjects/FPS
[UnityMemory] Configuration Parameters - Can be set up in boot.config
    "memorysetup-bucket-allocator-granularity=16"
    "memorysetup-bucket-allocator-bucket-count=8"
    "memorysetup-bucket-allocator-block-size=33554432"
    "memorysetup-bucket-allocator-block-count=8"
    "memorysetup-main-allocator-block-size=16777216"
    "memorysetup-thread-allocator-block-size=16777216"
    "memorysetup-gfx-main-allocator-block-size=16777216"
    "memorysetup-gfx-thread-allocator-block-size=16777216"
    "memorysetup-cache-allocator-block-size=4194304"
    "memorysetup-typetree-allocator-block-size=2097152"
    "memorysetup-profiler-bucket-allocator-granularity=16"
    "memorysetup-profiler-bucket-allocator-bucket-count=8"
    "memorysetup-profiler-bucket-allocator-block-size=33554432"
    "memorysetup-profiler-bucket-allocator-block-count=8"
    "memorysetup-profiler-allocator-block-size=16777216"
    "memorysetup-profiler-editor-allocator-block-size=1048576"
    "memorysetup-temp-allocator-size-main=16777216"
    "memorysetup-job-temp-allocator-block-size=2097152"
    "memorysetup-job-temp-allocator-block-size-background=1048576"
    "memorysetup-job-temp-allocator-reduction-small-platforms=262144"
    "memorysetup-allocator-temp-initial-block-size-main=262144"
    "memorysetup-allocator-temp-initial-block-size-worker=262144"
    "memorysetup-temp-allocator-size-background-worker=32768"
    "memorysetup-temp-allocator-size-job-worker=262144"
    "memorysetup-temp-allocator-size-preload-manager=33554432"
    "memorysetup-temp-allocator-size-nav-mesh-worker=65536"
    "memorysetup-temp-allocator-size-audio-worker=65536"
    "memorysetup-temp-allocator-size-cloud-worker=32768"
    "memorysetup-temp-allocator-size-gi-baking-worker=262144"
    "memorysetup-temp-allocator-size-gfx=262144"
Player connection [12872] Host "[IP] 10.5.156.121 [Port] 0 [Flags] 2 [Guid] 906820677 [EditorId] 906820677 [Version] 1048832 [Id] WindowsEditor(7,DESKTOP-IMEJO93) [Debug] 1 [PackageName] WindowsEditor [ProjectName] Editor" joined multi-casting on [225.0.0.222:54997]...

Player connection [12872] Host "[IP] 10.5.156.121 [Port] 0 [Flags] 2 [Guid] 906820677 [EditorId] 906820677 [Version] 1048832 [Id] WindowsEditor(7,DESKTOP-IMEJO93) [Debug] 1 [PackageName] WindowsEditor [ProjectName] Editor" joined alternative multi-casting on [225.0.0.222:34997]...

[Physics::Module] Initialized MultithreadedJobDispatcher with 7 workers.
Refreshing native plugins compatible for Editor in 30.25 ms, found 4 plugins.
Preloading 0 native plugins for Editor in 0.00 ms.
Initialize engine version: 2022.3.23f1 (dbb3f7c5b5c6)
[Subsystems] Discovering subsystems at path C:/Program Files/Unity/Hub/Editor/2022.3.23f1/Editor/Data/Resources/UnitySubsystems
[Subsystems] Discovering subsystems at path C:/Users/yuuic/Desktop/UnityProjects/FPS/Assets
GfxDevice: creating device client; threaded=0; jobified=0
Direct3D:
    Version:  Direct3D 11.0 [level 11.1]
    Renderer: Intel(R) UHD Graphics (ID=0x9b41)
    Vendor:   Intel
    VRAM:     4030 MB
    Driver:   26.20.100.7323
Initialize mono
Mono path[0] = 'C:/Program Files/Unity/Hub/Editor/2022.3.23f1/Editor/Data/Managed'
Mono path[1] = 'C:/Program Files/Unity/Hub/Editor/2022.3.23f1/Editor/Data/MonoBleedingEdge/lib/mono/unityjit-win32'
Mono config path = 'C:/Program Files/Unity/Hub/Editor/2022.3.23f1/Editor/Data/MonoBleedingEdge/etc'
Using monoOptions --debugger-agent=transport=dt_socket,embedding=1,server=y,suspend=n,address=127.0.0.1:56252
Begin MonoManager ReloadAssembly
Registering precompiled unity dll's ...
Register platform support module: C:/Program Files/Unity/Hub/Editor/2022.3.23f1/Editor/Data/PlaybackEngines/WebGLSupport/UnityEditor.WebGL.Extensions.dll
Register platform support module: C:/Program Files/Unity/Hub/Editor/2022.3.23f1/Editor/Data/PlaybackEngines/WindowsStandaloneSupport/UnityEditor.WindowsStandalone.Extensions.dll
Registered in 0.032449 seconds.
- Loaded All Assemblies, in  1.071 seconds
Native extension for WindowsStandalone target not found
Native extension for WebGL target not found
Mono: successfully reloaded assembly
- Finished resetting the current domain, in  0.804 seconds
Domain Reload Profiling: 1871ms
	BeginReloadAssembly (389ms)
		ExecutionOrderSort (0ms)
		DisableScriptedObjects (0ms)
		BackupInstance (0ms)
		ReleaseScriptingObjects (0ms)
		CreateAndSetChildDomain (2ms)
	RebuildCommonClasses (85ms)
	RebuildNativeTypeToScriptingClass (29ms)
	initialDomainReloadingComplete (165ms)
	LoadAllAssembliesAndSetupDomain (398ms)
		LoadAssemblies (378ms)
		RebuildTransferFunctionScriptingTraits (0ms)
		AnalyzeDomain (394ms)
			TypeCache.Refresh (390ms)
				TypeCache.ScanAssembly (351ms)
			ScanForSourceGeneratedMonoScriptInfo (1ms)
			ResolveRequiredComponents (1ms)
	FinalizeReload (805ms)
		ReleaseScriptCaches (0ms)
		RebuildScriptCaches (0ms)
		SetupLoadedEditorAssemblies (635ms)
			LogAssemblyErrors (0ms)
			InitializePlatformSupportModulesInManaged (26ms)
			SetLoadedEditorAssemblies (17ms)
			RefreshPlugins (0ms)
			BeforeProcessingInitializeOnLoad (6ms)
			ProcessInitializeOnLoadAttributes (460ms)
			ProcessInitializeOnLoadMethodAttributes (125ms)
			AfterProcessingInitializeOnLoad (0ms)
			EditorAssembliesLoaded (0ms)
		ExecutionOrderSort2 (0ms)
		AwakeInstancesAfterBackupRestoration (0ms)
========================================================================
Worker process is ready to serve import requests
Begin MonoManager ReloadAssembly
- Loaded All Assemblies, in  2.080 seconds
Refreshing native plugins compatible for Editor in 11.62 ms, found 4 plugins.
Native extension for WindowsStandalone target not found
Native extension for WebGL target not found
Mono: successfully reloaded assembly
- Finished resetting the current domain, in  1.288 seconds
Domain Reload Profiling: 3358ms
	BeginReloadAssembly (440ms)
		ExecutionOrderSort (0ms)
		DisableScriptedObjects (14ms)
		BackupInstance (0ms)
		ReleaseScriptingObjects (0ms)
		CreateAndSetChildDomain (47ms)
	RebuildCommonClasses (88ms)
	RebuildNativeTypeToScriptingClass (28ms)
	initialDomainReloadingComplete (128ms)
	LoadAllAssembliesAndSetupDomain (1386ms)
		LoadAssemblies (1115ms)
		RebuildTransferFunctionScriptingTraits (0ms)
		AnalyzeDomain (562ms)
			TypeCache.Refresh (502ms)
				TypeCache.ScanAssembly (464ms)
			ScanForSourceGeneratedMonoScriptInfo (42ms)
			ResolveRequiredComponents (13ms)
	FinalizeReload (1288ms)
		ReleaseScriptCaches (0ms)
		RebuildScriptCaches (0ms)
		SetupLoadedEditorAssemblies (1007ms)
			LogAssemblyErrors (0ms)
			InitializePlatformSupportModulesInManaged (17ms)
			SetLoadedEditorAssemblies (8ms)
			RefreshPlugins (0ms)
			BeforeProcessingInitializeOnLoad (109ms)
			ProcessInitializeOnLoadAttributes (828ms)
			ProcessInitializeOnLoadMethodAttributes (31ms)
			AfterProcessingInitializeOnLoad (14ms)
			EditorAssembliesLoaded (0ms)
		ExecutionOrderSort2 (0ms)
		AwakeInstancesAfterBackupRestoration (12ms)
Launched and connected shader compiler UnityShaderCompiler.exe after 0.09 seconds
Refreshing native plugins compatible for Editor in 10.87 ms, found 4 plugins.
Preloading 0 native plugins for Editor in 0.00 ms.
Unloading 3602 Unused Serialized files (Serialized files now loaded: 0)
Unloading 43 unused Assets / (61.8 KB). Loaded Objects now: 4088.
Memory consumption went from 222.5 MB to 222.5 MB.
Total: 4.258700 ms (FindLiveObjects: 0.415000 ms CreateObjectMapping: 0.287000 ms MarkObjects: 3.368300 ms  DeleteObjects: 0.187300 ms)

AssetImportParameters requested are different than current active one (requested -> active):
  custom:container-demuxer-ogg: 62fdf1f143b41e24485cea50d1cbac27 -> 
  custom:video-codec-MediaFoundation-h265: 746d11721c4dcdbdad8f713fa42b33f4 -> 
  custom:video-decoder-ogg-theora: a1e56fd34408186e4bbccfd4996cb3dc -> 
  custom:framework-win-MediaFoundation: 216162199b28c13a410421893ffa2e32 -> 
  custom:CustomObjectIndexerAttribute: 9a22284fe3817be447336de3de66b15e -> 
  custom:container-demuxer-webm: 4f35f7cbe854078d1ac9338744f61a02 -> 
  custom:container-muxer-webm: aa71ff27fc2769a1b78a27578f13a17b -> 
  custom:video-decoder-webm-vp8: 9c59270c3fd7afecdb556c50c9e8de78 -> 
  custom:SearchIndexIgnoredProperties: e643bd26f0fe6173181afceb89e7c659 -> 
  custom:AudioImporter_EditorPlatform: d09bf68614088b80899f8185d706f6e7 -> 
  custom:video-encoder-webm-vp8: eb34c28f22e8b96e1ab97ce403110664 -> 
  custom:audio-decoder-ogg-vorbis: bf7c407c2cedff20999df2af8eb42d56 -> 
  custom:audio-encoder-webm-vorbis: bf7c407c2cedff20999df2af8eb42d56 -> 
========================================================================
Received Import Request.
  Time since last request: 601783.655842 seconds.
  path: Assets/Imports/Zombie Cartoon/Model/Pose/Zombie_Cartoon_Pose.fbx
  artifactKey: Guid(9815321c5c8cfcf43bbb9be7450f720f) Importer(815301076,1909f56bfc062723c751e8b465ee728b)
Start importing Assets/Imports/Zombie Cartoon/Model/Pose/Zombie_Cartoon_Pose.fbx using Guid(9815321c5c8cfcf43bbb9be7450f720f) Importer(815301076,1909f56bfc062723c751e8b465ee728b)  -> (artifact id: '44008a8384ee394155222d0e2b3b0d51') in 0.331079 seconds
Number of updated asset objects reloaded before import = 0
Number of asset objects unloaded after import = 11
========================================================================
Received Import Request.
  Time since last request: 11.723247 seconds.
  path: Assets/Scripts/RayCaster.cs
  artifactKey: Guid(310255bc2a1d0604fad470d3c5ee41d6) Importer(2089858483,0ecaa5967403d082aa24f35e1b516d23)
Start importing Assets/Scripts/RayCaster.cs using Guid(310255bc2a1d0604fad470d3c5ee41d6) Importer(2089858483,0ecaa5967403d082aa24f35e1b516d23)  -> (artifact id: '58246dd011b8d4df76df32ac71b7ba1a') in 0.193331 seconds
Number of updated asset objects reloaded before import = 0
Number of asset objects unloaded after import = 1
========================================================================
Received Import Request.
  Time since last request: 0.000036 seconds.
  path: Assets/Imports/European Buildings/Materials/roof_3.mat
  artifactKey: Guid(e908aeb0f05c23f48accd8859e576f16) Importer(2089858483,0ecaa5967403d082aa24f35e1b516d23)
Start importing Assets/Imports/European Buildings/Materials/roof_3.mat using Guid(e908aeb0f05c23f48accd8859e576f16) Importer(2089858483,0ecaa5967403d082aa24f35e1b516d23)  -> (artifact id: '4232809e3638f2b8fa017a0a45227aa5') in 0.094848 seconds
Number of updated asset objects reloaded before import = 0
Number of asset objects unloaded after import = 1
========================================================================
Received Import Request.
  Time since last request: 0.000053 seconds.
  path: Assets/Little_GhostLP(FREE)/Material/Axe/Axe.mat
  artifactKey: Guid(a3700889b6176874ba23b59b6cd3d206) Importer(2089858483,0ecaa5967403d082aa24f35e1b516d23)
Start importing Assets/Little_GhostLP(FREE)/Material/Axe/Axe.mat using Guid(a3700889b6176874ba23b59b6cd3d206) Importer(2089858483,0ecaa5967403d082aa24f35e1b516d23)  -> (artifact id: 'e2e13632f1f38bffe8c0d4b04c7fbb1a') in 0.075795 seconds
Number of updated asset objects reloaded before import = 0
Number of asset objects unloaded after import = 2
========================================================================
Received Import Request.
  Time since last request: 0.000055 seconds.
  path: Assets/Imports/Zombie Cartoon/Model/Pose
  artifactKey: Guid(d1d9b408c5243384b85110129f0005bf) Importer(2089858483,0ecaa5967403d082aa24f35e1b516d23)
Start importing Assets/Imports/Zombie Cartoon/Model/Pose using Guid(d1d9b408c5243384b85110129f0005bf) Importer(2089858483,0ecaa5967403d082aa24f35e1b516d23)  -> (artifact id: '52fe0bf35387318c0026d659792f2b06') in 0.025022 seconds
Number of updated asset objects reloaded before import = 0
Number of asset objects unloaded after import = 1
========================================================================
Received Import Request.
  Time since last request: 0.000114 seconds.
  path: Assets/Imports/European Buildings/Materials/fasade_3.mat
  artifactKey: Guid(f61f53c7eb6b61e4db7831a737704642) Importer(2089858483,0ecaa5967403d082aa24f35e1b516d23)
Start importing Assets/Imports/European Buildings/Materials/fasade_3.mat using Guid(f61f53c7eb6b61e4db7831a737704642) Importer(2089858483,0ecaa5967403d082aa24f35e1b516d23)  -> (artifact id: '6c81c3b8a4ec5c3b1d96959dee412fb2') in 0.035314 seconds
Number of updated asset objects reloaded before import = 0
Number of asset objects unloaded after import = 1
========================================================================
Received Import Request.
  Time since last request: 0.000020 seconds.
  path: Assets/Imports/European Buildings/Materials/blue_3.mat
  artifactKey: Guid(64b6daaea196f3a4a831d6ab6e6f222f) Importer(2089858483,0ecaa5967403d082aa24f35e1b516d23)
Start importing Assets/Imports/European Buildings/Materials/blue_3.mat using Guid(64b6daaea196f3a4a831d6ab6e6f222f) Importer(2089858483,0ecaa5967403d082aa24f35e1b516d23)  -> (artifact id: 'cd8cd86019d039cccc125a1d03cf17a7') in 0.055015 seconds
Number of updated asset objects reloaded before import = 0
Number of asset objects unloaded after import = 1
========================================================================
Received Import Request.
  Time since last request: 0.000175 seconds.
  path: Assets/Textures/TerrainTextures
  artifactKey: Guid(5973ced36e590d14d8bb7006131e8d98) Importer(2089858483,0ecaa5967403d082aa24f35e1b516d23)
Start importing Assets/Textures/TerrainTextures using Guid(5973ced36e590d14d8bb7006131e8d98) Importer(2089858483,0ecaa5967403d082aa24f35e1b516d23)  -> (artifact id: '0ba0c1da1b6cb6af4ef1de260a664967') in 0.026300 seconds
Number of updated asset objects reloaded before import = 0
Number of asset objects unloaded after import = 1
========================================================================
Received Import Request.
  Time since last request: 0.000048 seconds.
  path: Assets/Parkgarage/Prefabs/machines/textures
  artifactKey: Guid(27ec71a10213c9d488135b292edcfe32) Importer(2089858483,0ecaa5967403d082aa24f35e1b516d23)
Start importing Assets/Parkgarage/Prefabs/machines/textures using Guid(27ec71a10213c9d488135b292edcfe32) Importer(2089858483,0ecaa5967403d082aa24f35e1b516d23)  -> (artifact id: '7a41de8264652ff18192c4008bae0cd5') in 0.024797 seconds
Number of updated asset objects reloaded before import = 0
Number of asset objects unloaded after import = 1
========================================================================
Received Import Request.
  Time since last request: 0.000052 seconds.
  path: Assets/Parkgarage/Scene/Parkgarage_demo.unity
  artifactKey: Guid(815b67f4a486d044db020e67e06ab4aa) Importer(2089858483,0ecaa5967403d082aa24f35e1b516d23)
Start importing Assets/Parkgarage/Scene/Parkgarage_demo.unity using Guid(815b67f4a486d044db020e67e06ab4aa) Importer(2089858483,0ecaa5967403d082aa24f35e1b516d23)  -> (artifact id: 'fc67df41b34f4b35d9abd2af958cd7a8') in 0.025525 seconds
Number of updated asset objects reloaded before import = 0
Number of asset objects unloaded after import = 1
========================================================================
Received Import Request.
  Time since last request: 0.001640 seconds.
  path: Assets/Little_GhostLP(FREE)/Prefabs/EnemyGhost.prefab
  artifactKey: Guid(60cd57f6510930f4ebbdc81962726436) Importer(2089858483,0ecaa5967403d082aa24f35e1b516d23)
Start importing Assets/Little_GhostLP(FREE)/Prefabs/EnemyGhost.prefab using Guid(60cd57f6510930f4ebbdc81962726436) Importer(2089858483,0ecaa5967403d082aa24f35e1b516d23)  -> (artifact id: 'c1294a353eff634f768390f0cfd59159') in 0.178661 seconds
Number of updated asset objects reloaded before import = 0
Number of asset objects unloaded after import = 56
========================================================================
Received Import Request.
  Time since last request: 0.000042 seconds.
  path: Assets/Imports/Bublik/Simple Modular Castle Assets/Prefabs
  artifactKey: Guid(e1cce6b4878d3874cb661450fdcb4d9a) Importer(2089858483,0ecaa5967403d082aa24f35e1b516d23)
Start importing Assets/Imports/Bublik/Simple Modular Castle Assets/Prefabs using Guid(e1cce6b4878d3874cb661450fdcb4d9a) Importer(2089858483,0ecaa5967403d082aa24f35e1b516d23)  -> (artifact id: '9cd413a2ae9e73559ed6341701fe517a') in 0.020986 seconds
Number of updated asset objects reloaded before import = 0
Number of asset objects unloaded after import = 1
========================================================================
Received Import Request.
  Time since last request: 0.000057 seconds.
  path: Assets/Parkgarage/Prefabs/lamps/Materials/Over_holder.mat
  artifactKey: Guid(8f45a5ae2dcb4c946a316f785bdb15a3) Importer(2089858483,0ecaa5967403d082aa24f35e1b516d23)
Start importing Assets/Parkgarage/Prefabs/lamps/Materials/Over_holder.mat using Guid(8f45a5ae2dcb4c946a316f785bdb15a3) Importer(2089858483,0ecaa5967403d082aa24f35e1b516d23)  -> (artifact id: '7006cbe5223118049c19acccc3ae2446') in 0.057578 seconds
Number of updated asset objects reloaded before import = 0
Number of asset objects unloaded after import = 1
========================================================================
Received Import Request.
  Time since last request: 0.000517 seconds.
  path: Assets/Parkgarage/Prefabs/doors/Materials
  artifactKey: Guid(6a6f29c8c5a7d164a8acea8693096aaf) Importer(2089858483,0ecaa5967403d082aa24f35e1b516d23)
Start importing Assets/Parkgarage/Prefabs/doors/Materials using Guid(6a6f29c8c5a7d164a8acea8693096aaf) Importer(2089858483,0ecaa5967403d082aa24f35e1b516d23)  -> (artifact id: '41f0b537f2eebdaba38228db9d5f2d28') in 0.025863 seconds
Number of updated asset objects reloaded before import = 0
Number of asset objects unloaded after import = 1
========================================================================
Received Import Request.
  Time since last request: 0.000087 seconds.
  path: Assets/Parkgarage/Prefabs/parkgarage/Materials/stair_pole.mat
  artifactKey: Guid(64a49d7017bf3424189d77b5963ddda6) Importer(2089858483,0ecaa5967403d082aa24f35e1b516d23)
Start importing Assets/Parkgarage/Prefabs/parkgarage/Materials/stair_pole.mat using Guid(64a49d7017bf3424189d77b5963ddda6) Importer(2089858483,0ecaa5967403d082aa24f35e1b516d23)  -> (artifact id: '975ecda9ab166707a5513b84a42d729c') in 0.034159 seconds
Number of updated asset objects reloaded before import = 0
Number of asset objects unloaded after import = 2
========================================================================
Received Import Request.
  Time since last request: 0.000033 seconds.
  path: Assets/Parkgarage/Prefabs/parkgarage/Materials/stair_grid.mat
  artifactKey: Guid(789443031b8794c45b550d4ef5a1913f) Importer(2089858483,0ecaa5967403d082aa24f35e1b516d23)
Start importing Assets/Parkgarage/Prefabs/parkgarage/Materials/stair_grid.mat using Guid(789443031b8794c45b550d4ef5a1913f) Importer(2089858483,0ecaa5967403d082aa24f35e1b516d23)  -> (artifact id: '9f63678f81e7be232c4c1eb5b159cc39') in 0.072533 seconds
Number of updated asset objects reloaded before import = 0
Number of asset objects unloaded after import = 2
========================================================================
Received Import Request.
  Time since last request: 0.000049 seconds.
  path: Assets/Imports/BigRookGames/_AssetPacks/Stylized Weapon Pack/Stylized Rocket Launcher/Materials/VFX/SmokePoof.mat
  artifactKey: Guid(e20c538d7bd2807489484db851a575bd) Importer(2089858483,0ecaa5967403d082aa24f35e1b516d23)
Start importing Assets/Imports/BigRookGames/_AssetPacks/Stylized Weapon Pack/Stylized Rocket Launcher/Materials/VFX/SmokePoof.mat using Guid(e20c538d7bd2807489484db851a575bd) Importer(2089858483,0ecaa5967403d082aa24f35e1b516d23)  -> (artifact id: '0a98d41f1edcd5db71e09b99f1f0ce05') in 0.072713 seconds
Number of updated asset objects reloaded before import = 0
Number of asset objects unloaded after import = 2
========================================================================
Received Import Request.
  Time since last request: 0.000031 seconds.
  path: Assets/Little_GhostLP(FREE)/Material/Devil/Devil Head.mat
  artifactKey: Guid(400f166a104594d4b975b7fa4ab7b3ba) Importer(2089858483,0ecaa5967403d082aa24f35e1b516d23)
Start importing Assets/Little_GhostLP(FREE)/Material/Devil/Devil Head.mat using Guid(400f166a104594d4b975b7fa4ab7b3ba) Importer(2089858483,0ecaa5967403d082aa24f35e1b516d23)  -> (artifact id: '4bf9945dc5c1b844c138ca54ee5a4c5a') in 0.063323 seconds
Number of updated asset objects reloaded before import = 0
Number of asset objects unloaded after import = 1
========================================================================
Received Import Request.
  Time since last request: 0.000132 seconds.
  path: Assets/Parkgarage
  artifactKey: Guid(61f44594135d1494e81f2a2de39e58b2) Importer(2089858483,0ecaa5967403d082aa24f35e1b516d23)
Start importing Assets/Parkgarage using Guid(61f44594135d1494e81f2a2de39e58b2) Importer(2089858483,0ecaa5967403d082aa24f35e1b516d23)  -> (artifact id: 'bfa8b1dc36ad29dd267a9f4a0443c529') in 0.024252 seconds
Number of updated asset objects reloaded before import = 0
Number of asset objects unloaded after import = 1
========================================================================
Received Import Request.
  Time since last request: 0.000027 seconds.
  path: Assets/SkySeries Freebie/ExampleScenes/SceneObjects/DemoObjects.prefab
  artifactKey: Guid(88c20de6c1dc0f04abeaffaac0a9a6cf) Importer(2089858483,0ecaa5967403d082aa24f35e1b516d23)
Start importing Assets/SkySeries Freebie/ExampleScenes/SceneObjects/DemoObjects.prefab using Guid(88c20de6c1dc0f04abeaffaac0a9a6cf) Importer(2089858483,0ecaa5967403d082aa24f35e1b516d23)  -> (artifact id: '6a4b114ec464d8cfd417c3aa5f787293') in 0.052720 seconds
Number of updated asset objects reloaded before import = 0
Number of asset objects unloaded after import = 71
========================================================================
Received Import Request.
  Time since last request: 0.000041 seconds.
  path: Assets/Simple FPS Controller/Materials/Textures
  artifactKey: Guid(ac30ac1957f9e8d4998711bece62052e) Importer(2089858483,0ecaa5967403d082aa24f35e1b516d23)
Start importing Assets/Simple FPS Controller/Materials/Textures using Guid(ac30ac1957f9e8d4998711bece62052e) Importer(2089858483,0ecaa5967403d082aa24f35e1b516d23)  -> (artifact id: 'c766bf2e37dca2937b40ec8043e2e9f5') in 0.023734 seconds
Number of updated asset objects reloaded before import = 0
Number of asset objects unloaded after import = 1
========================================================================
Received Import Request.
  Time since last request: 0.000035 seconds.
  path: Assets/Parkgarage/Prefabs/machines/Materials/Bar.mat
  artifactKey: Guid(b2d890b454c9093488faf1c4a3501485) Importer(2089858483,0ecaa5967403d082aa24f35e1b516d23)
Start importing Assets/Parkgarage/Prefabs/machines/Materials/Bar.mat using Guid(b2d890b454c9093488faf1c4a3501485) Importer(2089858483,0ecaa5967403d082aa24f35e1b516d23)  -> (artifact id: '991d95f253b025ac46dcbdb8e88a933d') in 0.122706 seconds
Number of updated asset objects reloaded before import = 0
Number of asset objects unloaded after import = 2
========================================================================
Received Import Request.
  Time since last request: 0.000896 seconds.
  path: Assets/Parkgarage/Prefabs/parkgarage/mesh
  artifactKey: Guid(9f9ae3fd404370242a73f01d2078342e) Importer(2089858483,0ecaa5967403d082aa24f35e1b516d23)
Start importing Assets/Parkgarage/Prefabs/parkgarage/mesh using Guid(9f9ae3fd404370242a73f01d2078342e) Importer(2089858483,0ecaa5967403d082aa24f35e1b516d23)  -> (artifact id: '4112aa09832f32abf14a29bd795d0c88') in 0.053102 seconds
Number of updated asset objects reloaded before import = 0
Number of asset objects unloaded after import = 1
========================================================================
Received Import Request.
  Time since last request: 0.000030 seconds.
  path: Assets/Imports/TowerDefenceAssets/Prefabs/Towers/Tower_14.prefab
  artifactKey: Guid(feb52087fdd883f40873989e6cd79fc8) Importer(2089858483,0ecaa5967403d082aa24f35e1b516d23)
Start importing Assets/Imports/TowerDefenceAssets/Prefabs/Towers/Tower_14.prefab using Guid(feb52087fdd883f40873989e6cd79fc8) Importer(2089858483,0ecaa5967403d082aa24f35e1b516d23)  -> (artifact id: '14b1d563357d18727f1f4141d54c42bd') in 0.087770 seconds
Number of updated asset objects reloaded before import = 0
Number of asset objects unloaded after import = 16
========================================================================
Received Import Request.
  Time since last request: 0.000063 seconds.
  path: Assets/Imports/Zombie Cartoon/Prefab/Pose.prefab
  artifactKey: Guid(23363a13d4a6d8b4cba3989b707b461c) Importer(2089858483,0ecaa5967403d082aa24f35e1b516d23)
Start importing Assets/Imports/Zombie Cartoon/Prefab/Pose.prefab using Guid(23363a13d4a6d8b4cba3989b707b461c) Importer(2089858483,0ecaa5967403d082aa24f35e1b516d23)  -> (artifact id: 'a7872f0313f954fa0e30817eb0cea44c') in 0.046254 seconds
Number of updated asset objects reloaded before import = 0
Number of asset objects unloaded after import = 17
========================================================================
Received Import Request.
  Time since last request: 0.000036 seconds.
  path: Assets/Imports/Bublik/Simple Modular Castle Assets/Prefabs/Lumber_Mill.prefab
  artifactKey: Guid(ee5e6083f97bd7f409ef0e9d1133d919) Importer(2089858483,0ecaa5967403d082aa24f35e1b516d23)
Start importing Assets/Imports/Bublik/Simple Modular Castle Assets/Prefabs/Lumber_Mill.prefab using Guid(ee5e6083f97bd7f409ef0e9d1133d919) Importer(2089858483,0ecaa5967403d082aa24f35e1b516d23)  -> (artifact id: '3a070a4f8100152041937bee60e9bc8e') in 0.083666 seconds
Number of updated asset objects reloaded before import = 0
Number of asset objects unloaded after import = 14
========================================================================
Received Import Request.
  Time since last request: 0.000034 seconds.
  path: Assets/Parkgarage/Prefabs/parkgarage/Materials/Parkgarage_floor.mat
  artifactKey: Guid(c42afe5a0c45eaf49a34188947c9626a) Importer(2089858483,0ecaa5967403d082aa24f35e1b516d23)
Start importing Assets/Parkgarage/Prefabs/parkgarage/Materials/Parkgarage_floor.mat using Guid(c42afe5a0c45eaf49a34188947c9626a) Importer(2089858483,0ecaa5967403d082aa24f35e1b516d23)  -> (artifact id: '8e9346e5cb7d726a50abc6b301cd8c3b') in 0.048222 seconds
Number of updated asset objects reloaded before import = 0
Number of asset objects unloaded after import = 3
========================================================================
Received Import Request.
  Time since last request: 0.000048 seconds.
  path: Assets/Parkgarage/Prefabs/widnows/Window_b01/mesh
  artifactKey: Guid(4bb511fb892d01b4a90e1c3af9c7b091) Importer(2089858483,0ecaa5967403d082aa24f35e1b516d23)
Start importing Assets/Parkgarage/Prefabs/widnows/Window_b01/mesh using Guid(4bb511fb892d01b4a90e1c3af9c7b091) Importer(2089858483,0ecaa5967403d082aa24f35e1b516d23)  -> (artifact id: '2fb2f920d2dcc757d2cf7058f20cd040') in 0.024548 seconds
Number of updated asset objects reloaded before import = 0
Number of asset objects unloaded after import = 1
========================================================================
Received Import Request.
  Time since last request: 0.000068 seconds.
  path: Assets/Imports/European Buildings/Decorations/fence_2.prefab
  artifactKey: Guid(4f33094af56104f43a3d8343baaf5baf) Importer(2089858483,0ecaa5967403d082aa24f35e1b516d23)
Start importing Assets/Imports/European Buildings/Decorations/fence_2.prefab using Guid(4f33094af56104f43a3d8343baaf5baf) Importer(2089858483,0ecaa5967403d082aa24f35e1b516d23)  -> (artifact id: '8bd9f1b5d10fbcc4b1ba1e82ef598faf') in 0.109113 seconds
Number of updated asset objects reloaded before import = 0
Number of asset objects unloaded after import = 8
========================================================================
Received Import Request.
  Time since last request: 0.000082 seconds.
  path: Assets/Imports/European Buildings/Materials/wood.mat
  artifactKey: Guid(db38a0a575c00d04d9401e5d842d755b) Importer(2089858483,0ecaa5967403d082aa24f35e1b516d23)
Start importing Assets/Imports/European Buildings/Materials/wood.mat using Guid(db38a0a575c00d04d9401e5d842d755b) Importer(2089858483,0ecaa5967403d082aa24f35e1b516d23)  -> (artifact id: 'e42ab22523ecf865f86bcf1ad7e40964') in 0.045391 seconds
Number of updated asset objects reloaded before import = 0
Number of asset objects unloaded after import = 1
========================================================================
Received Import Request.
  Time since last request: 0.000021 seconds.
  path: Assets/Weapons/Materials/LaserShooter_Material.mat
  artifactKey: Guid(3ee477b206f50a04c8e1e336fbab278a) Importer(2089858483,0ecaa5967403d082aa24f35e1b516d23)
Start importing Assets/Weapons/Materials/LaserShooter_Material.mat using Guid(3ee477b206f50a04c8e1e336fbab278a) Importer(2089858483,0ecaa5967403d082aa24f35e1b516d23)  -> (artifact id: '3f6fafca3c4b854db1755b91965e5732') in 0.051564 seconds
Number of updated asset objects reloaded before import = 0
Number of asset objects unloaded after import = 3
========================================================================
Received Import Request.
  Time since last request: 0.000079 seconds.
  path: Assets/Parkgarage/Prefabs/lamps/Materials/bump.mat
  artifactKey: Guid(fbbe08e55dd87af4abe4ed41a8b078fd) Importer(2089858483,0ecaa5967403d082aa24f35e1b516d23)
Start importing Assets/Parkgarage/Prefabs/lamps/Materials/bump.mat using Guid(fbbe08e55dd87af4abe4ed41a8b078fd) Importer(2089858483,0ecaa5967403d082aa24f35e1b516d23)  -> (artifact id: '5cfe120560eb631dc6f45e62bbcef6f6') in 0.057493 seconds
Number of updated asset objects reloaded before import = 0
Number of asset objects unloaded after import = 1
========================================================================
Received Import Request.
  Time since last request: 0.000052 seconds.
  path: Assets/Imports/Bublik/Simple Modular Castle Assets/Materials/Built-in
  artifactKey: Guid(30f5a65597632e74c85bdb07249b98fa) Importer(2089858483,0ecaa5967403d082aa24f35e1b516d23)
Start importing Assets/Imports/Bublik/Simple Modular Castle Assets/Materials/Built-in using Guid(30f5a65597632e74c85bdb07249b98fa) Importer(2089858483,0ecaa5967403d082aa24f35e1b516d23)  -> (artifact id: '15210104a0ecc45fb87b43e45d9e3c8a') in 0.029754 seconds
Number of updated asset objects reloaded before import = 0
Number of asset objects unloaded after import = 1
========================================================================
Received Import Request.
  Time since last request: 0.000084 seconds.
  path: Assets/Parkgarage/Prefabs/widnows/Window_B02/mesh
  artifactKey: Guid(356b6dea0660fd74082ab2de548046c1) Importer(2089858483,0ecaa5967403d082aa24f35e1b516d23)
Start importing Assets/Parkgarage/Prefabs/widnows/Window_B02/mesh using Guid(356b6dea0660fd74082ab2de548046c1) Importer(2089858483,0ecaa5967403d082aa24f35e1b516d23)  -> (artifact id: '425579cc8520824acd86a27ec3f5c097') in 0.033073 seconds
Number of updated asset objects reloaded before import = 0
Number of asset objects unloaded after import = 1
========================================================================
Received Import Request.
  Time since last request: 0.000033 seconds.
  path: Assets/Imports/European Buildings/Materials/fasade_2.mat
  artifactKey: Guid(69bb725cfe9ae0446bfddd8e8cd284b8) Importer(2089858483,0ecaa5967403d082aa24f35e1b516d23)
Start importing Assets/Imports/European Buildings/Materials/fasade_2.mat using Guid(69bb725cfe9ae0446bfddd8e8cd284b8) Importer(2089858483,0ecaa5967403d082aa24f35e1b516d23)  -> (artifact id: 'c2b58e3d17d917cdf1ee8240cfca0054') in 0.035471 seconds
Number of updated asset objects reloaded before import = 0
Number of asset objects unloaded after import = 1
========================================================================
Received Import Request.
  Time since last request: 0.000040 seconds.
  path: Assets/Weapons/Materials/Yellow.mat
  artifactKey: Guid(17ca8f3535b3f4a40962dda988581c65) Importer(2089858483,0ecaa5967403d082aa24f35e1b516d23)
Start importing Assets/Weapons/Materials/Yellow.mat using Guid(17ca8f3535b3f4a40962dda988581c65) Importer(2089858483,0ecaa5967403d082aa24f35e1b516d23)  -> (artifact id: '86d4cf0da61d0303281301ed3856e319') in 0.048723 seconds
Number of updated asset objects reloaded before import = 0
Number of asset objects unloaded after import = 1
========================================================================
Received Import Request.
  Time since last request: 0.000112 seconds.
  path: Assets/Imports/European Buildings/Materials/accent_red.mat
  artifactKey: Guid(6964e6ddd4e837545a6463cf8d101a66) Importer(2089858483,0ecaa5967403d082aa24f35e1b516d23)
Start importing Assets/Imports/European Buildings/Materials/accent_red.mat using Guid(6964e6ddd4e837545a6463cf8d101a66) Importer(2089858483,0ecaa5967403d082aa24f35e1b516d23)  -> (artifact id: '9c4b139c7cdac2628784efa57f695878') in 0.040233 seconds
Number of updated asset objects reloaded before import = 0
Number of asset objects unloaded after import = 1
========================================================================
Received Import Request.
  Time since last request: 0.000027 seconds.
  path: Assets/Imports/BigRookGames/_AssetPacks/Stylized Weapon Pack/Stylized Rocket Launcher/Prefabs/Rocket Launcher.prefab
  artifactKey: Guid(f26add0b8561051438426890f3bd0f19) Importer(2089858483,0ecaa5967403d082aa24f35e1b516d23)
Start importing Assets/Imports/BigRookGames/_AssetPacks/Stylized Weapon Pack/Stylized Rocket Launcher/Prefabs/Rocket Launcher.prefab using Guid(f26add0b8561051438426890f3bd0f19) Importer(2089858483,0ecaa5967403d082aa24f35e1b516d23)  -> (artifact id: '8b24d5771e9a26977678462e97d4e6c7') in 0.158902 seconds
Number of updated asset objects reloaded before import = 0
Number of asset objects unloaded after import = 127
========================================================================
Received Import Request.
  Time since last request: 0.000058 seconds.
  path: Assets/Parkgarage/Prefabs/widnows/Window_B02/mesh/Materials/Frame_B02.mat
  artifactKey: Guid(12ce91bf174a2b24499464d0a43f9a2c) Importer(2089858483,0ecaa5967403d082aa24f35e1b516d23)
Start importing Assets/Parkgarage/Prefabs/widnows/Window_B02/mesh/Materials/Frame_B02.mat using Guid(12ce91bf174a2b24499464d0a43f9a2c) Importer(2089858483,0ecaa5967403d082aa24f35e1b516d23)  -> (artifact id: '1f933871c38757387cebc42becf43b21') in 0.049426 seconds
Number of updated asset objects reloaded before import = 0
Number of asset objects unloaded after import = 1
========================================================================
Received Import Request.
  Time since last request: 0.000078 seconds.
  path: Assets/Imports/Bublik/Simple Modular Castle Assets/Materials/URP/Color.mat
  artifactKey: Guid(800508383bbab4846be508199a6f78f1) Importer(2089858483,0ecaa5967403d082aa24f35e1b516d23)
Start importing Assets/Imports/Bublik/Simple Modular Castle Assets/Materials/URP/Color.mat using Guid(800508383bbab4846be508199a6f78f1) Importer(2089858483,0ecaa5967403d082aa24f35e1b516d23)  -> (artifact id: 'b24a72133a6203582396b63bb22e0f01') in 0.066001 seconds
Number of updated asset objects reloaded before import = 0
Number of asset objects unloaded after import = 1
========================================================================
Received Import Request.
  Time since last request: 0.000058 seconds.
  path: Assets/Imports/BigRookGames/_AssetPacks/Stylized Weapon Pack/Stylized Rocket Launcher/Materials/VFX/Rocks2x2.mat
  artifactKey: Guid(873d93a6533fdc64281efe11624e3307) Importer(2089858483,0ecaa5967403d082aa24f35e1b516d23)
Start importing Assets/Imports/BigRookGames/_AssetPacks/Stylized Weapon Pack/Stylized Rocket Launcher/Materials/VFX/Rocks2x2.mat using Guid(873d93a6533fdc64281efe11624e3307) Importer(2089858483,0ecaa5967403d082aa24f35e1b516d23)  -> (artifact id: 'a363975a0ae1d00630e96ed51eda5c16') in 0.046811 seconds
Number of updated asset objects reloaded before import = 0
Number of asset objects unloaded after import = 1
========================================================================
Received Import Request.
  Time since last request: 0.000153 seconds.
  path: Assets/Imports/European Buildings/Materials/roof_1.mat
  artifactKey: Guid(997142df1347bfe44916e07945d21923) Importer(2089858483,0ecaa5967403d082aa24f35e1b516d23)
Start importing Assets/Imports/European Buildings/Materials/roof_1.mat using Guid(997142df1347bfe44916e07945d21923) Importer(2089858483,0ecaa5967403d082aa24f35e1b516d23)  -> (artifact id: 'df2906ff0a0a1535c7cc1a8ca14c4c8b') in 0.030064 seconds
Number of updated asset objects reloaded before import = 0
Number of asset objects unloaded after import = 1
========================================================================
Received Import Request.
  Time since last request: 0.000097 seconds.
  path: Assets/Parkgarage/Prefabs/lamps/Materials/Lamp.mat
  artifactKey: Guid(96572397967ded542bd9bdef452660ae) Importer(2089858483,0ecaa5967403d082aa24f35e1b516d23)
Start importing Assets/Parkgarage/Prefabs/lamps/Materials/Lamp.mat using Guid(96572397967ded542bd9bdef452660ae) Importer(2089858483,0ecaa5967403d082aa24f35e1b516d23)  -> (artifact id: '0e2ed34c9895db6d89cbc6155f0d47b3') in 0.057059 seconds
Number of updated asset objects reloaded before import = 0
Number of asset objects unloaded after import = 2
========================================================================
Received Import Request.
  Time since last request: 0.000054 seconds.
  path: Assets/Parkgarage/Prefabs/lamps/mesh
  artifactKey: Guid(dfdaf2bc5bde7634ebff47088a146be9) Importer(2089858483,0ecaa5967403d082aa24f35e1b516d23)
Start importing Assets/Parkgarage/Prefabs/lamps/mesh using Guid(dfdaf2bc5bde7634ebff47088a146be9) Importer(2089858483,0ecaa5967403d082aa24f35e1b516d23)  -> (artifact id: 'f0623a7cd0a3b2aba71aebb593cf9ab6') in 0.027788 seconds
Number of updated asset objects reloaded before import = 0
Number of asset objects unloaded after import = 1
========================================================================
Received Import Request.
  Time since last request: 0.000108 seconds.
  path: Assets/Imports/European Buildings/Materials/fasade_1.mat
  artifactKey: Guid(550d7603b14e9b749b0b3d786dc492e6) Importer(2089858483,0ecaa5967403d082aa24f35e1b516d23)
Start importing Assets/Imports/European Buildings/Materials/fasade_1.mat using Guid(550d7603b14e9b749b0b3d786dc492e6) Importer(2089858483,0ecaa5967403d082aa24f35e1b516d23)  -> (artifact id: 'd0d23e6db4bc5ea9bbdc4c4c796a4d8d') in 0.034355 seconds
Number of updated asset objects reloaded before import = 0
Number of asset objects unloaded after import = 1
========================================================================
Received Import Request.
  Time since last request: 0.000069 seconds.
  path: Assets/Prefabs
  artifactKey: Guid(198de374025f894448dc019f54fe507a) Importer(2089858483,0ecaa5967403d082aa24f35e1b516d23)
Start importing Assets/Prefabs using Guid(198de374025f894448dc019f54fe507a) Importer(2089858483,0ecaa5967403d082aa24f35e1b516d23)  -> (artifact id: '32acac4760268e3c8e4d466ff69c7b56') in 0.031197 seconds
Number of updated asset objects reloaded before import = 0
Number of asset objects unloaded after import = 1
========================================================================
Received Import Request.
  Time since last request: 0.000031 seconds.
  path: Assets/Imports/TowerDefenceAssets/Prefabs/Towers/Tower_4.prefab
  artifactKey: Guid(9aac933b39a422c41ae81656fa2b9e84) Importer(2089858483,0ecaa5967403d082aa24f35e1b516d23)
Start importing Assets/Imports/TowerDefenceAssets/Prefabs/Towers/Tower_4.prefab using Guid(9aac933b39a422c41ae81656fa2b9e84) Importer(2089858483,0ecaa5967403d082aa24f35e1b516d23)  -> (artifact id: 'c3d6212c9d79dd4f11f05d9bb90f25ac') in 0.069235 seconds
Number of updated asset objects reloaded before import = 0
Number of asset objects unloaded after import = 28
========================================================================
Received Import Request.
  Time since last request: 0.000209 seconds.
  path: Assets/Parkgarage/Prefabs/parkgarage/Materials/sidewalk_B.mat
  artifactKey: Guid(3f6d331078d791143b6d7823801445f9) Importer(2089858483,0ecaa5967403d082aa24f35e1b516d23)
Start importing Assets/Parkgarage/Prefabs/parkgarage/Materials/sidewalk_B.mat using Guid(3f6d331078d791143b6d7823801445f9) Importer(2089858483,0ecaa5967403d082aa24f35e1b516d23)  -> (artifact id: '219e2958ba79fbac8a4821735a8a70ca') in 0.031996 seconds
Number of updated asset objects reloaded before import = 0
Number of asset objects unloaded after import = 1
========================================================================
Received Import Request.
  Time since last request: 0.000747 seconds.
  path: Assets/Parkgarage/Prefabs/widnows
  artifactKey: Guid(ddb4863d8bc114743b5d6644f2f76d17) Importer(2089858483,0ecaa5967403d082aa24f35e1b516d23)
Start importing Assets/Parkgarage/Prefabs/widnows using Guid(ddb4863d8bc114743b5d6644f2f76d17) Importer(2089858483,0ecaa5967403d082aa24f35e1b516d23)  -> (artifact id: '45f41bfed1a584ea7ebc99ecf7720ed1') in 0.024177 seconds
Number of updated asset objects reloaded before import = 0
Number of asset objects unloaded after import = 1
========================================================================
Received Import Request.
  Time since last request: 0.000032 seconds.
  path: Assets/Parkgarage/Prefabs/Tree/TreeWithHolder_prefab.prefab
  artifactKey: Guid(5c4f2790f9f04d94b9f3191f574c8149) Importer(2089858483,0ecaa5967403d082aa24f35e1b516d23)
Start importing Assets/Parkgarage/Prefabs/Tree/TreeWithHolder_prefab.prefab using Guid(5c4f2790f9f04d94b9f3191f574c8149) Importer(2089858483,0ecaa5967403d082aa24f35e1b516d23)  -> (artifact id: '07f096a0190863743d7a39e61610b1b2') in 0.046191 seconds
Number of updated asset objects reloaded before import = 0
Number of asset objects unloaded after import = 16
========================================================================
Received Import Request.
  Time since last request: 0.000043 seconds.
  path: Assets/Imports/European Buildings/Materials/gray_2.mat
  artifactKey: Guid(9227bdd5c2e636d42b7de052af255437) Importer(2089858483,0ecaa5967403d082aa24f35e1b516d23)
Start importing Assets/Imports/European Buildings/Materials/gray_2.mat using Guid(9227bdd5c2e636d42b7de052af255437) Importer(2089858483,0ecaa5967403d082aa24f35e1b516d23)  -> (artifact id: 'c661b7ed38ef08eaa11ac9b5ea393ff8') in 0.049031 seconds
Number of updated asset objects reloaded before import = 0
Number of asset objects unloaded after import = 1
========================================================================
Received Import Request.
  Time since last request: 0.000031 seconds.
  path: Assets/Imports/European Buildings/Materials/roof_2.mat
  artifactKey: Guid(1f54772f94881884a99d4dccaf88049f) Importer(2089858483,0ecaa5967403d082aa24f35e1b516d23)
Start importing Assets/Imports/European Buildings/Materials/roof_2.mat using Guid(1f54772f94881884a99d4dccaf88049f) Importer(2089858483,0ecaa5967403d082aa24f35e1b516d23)  -> (artifact id: '2dc45088b51633b869f2e97b120a9c6a') in 0.033770 seconds
Number of updated asset objects reloaded before import = 0
Number of asset objects unloaded after import = 1
========================================================================
Received Import Request.
  Time since last request: 0.000030 seconds.
  path: Assets/Imports/Cosmic_Retro_Blasters Pack_1_FREE/Textures
  artifactKey: Guid(6c1e59bc801b8094a8f16619dfa876c2) Importer(2089858483,0ecaa5967403d082aa24f35e1b516d23)
Start importing Assets/Imports/Cosmic_Retro_Blasters Pack_1_FREE/Textures using Guid(6c1e59bc801b8094a8f16619dfa876c2) Importer(2089858483,0ecaa5967403d082aa24f35e1b516d23)  -> (artifact id: 'b528cf7d24039820b49418318c08e4ca') in 0.028089 seconds
Number of updated asset objects reloaded before import = 0
Number of asset objects unloaded after import = 1
========================================================================
Received Import Request.
  Time since last request: 0.000067 seconds.
  path: Assets/SkySeries Freebie/AmbienceExposure.mat
  artifactKey: Guid(72deae4d18418f94688abef8e8483df0) Importer(2089858483,0ecaa5967403d082aa24f35e1b516d23)
Start importing Assets/SkySeries Freebie/AmbienceExposure.mat using Guid(72deae4d18418f94688abef8e8483df0) Importer(2089858483,0ecaa5967403d082aa24f35e1b516d23)  -> (artifact id: 'daea486ed6e2d70af49196f65b439848') in 0.220963 seconds
Number of updated asset objects reloaded before import = 0
Number of asset objects unloaded after import = 2
========================================================================
Received Import Request.
  Time since last request: 0.000062 seconds.
  path: Assets/Imports/Bublik/Simple Modular Castle Assets/Materials/URP
  artifactKey: Guid(448a1a7ad10029a4bb1d27c9232f726d) Importer(2089858483,0ecaa5967403d082aa24f35e1b516d23)
Start importing Assets/Imports/Bublik/Simple Modular Castle Assets/Materials/URP using Guid(448a1a7ad10029a4bb1d27c9232f726d) Importer(2089858483,0ecaa5967403d082aa24f35e1b516d23)  -> (artifact id: '5708e0ca07386cee6c87d18ce0eba327') in 0.029898 seconds
Number of updated asset objects reloaded before import = 0
Number of asset objects unloaded after import = 1
========================================================================
Received Import Request.
  Time since last request: 0.000042 seconds.
  path: Assets/Imports/Zombie Cartoon/Model
  artifactKey: Guid(a71e9f3fc206e3749bc7e8dafffd2001) Importer(2089858483,0ecaa5967403d082aa24f35e1b516d23)
Start importing Assets/Imports/Zombie Cartoon/Model using Guid(a71e9f3fc206e3749bc7e8dafffd2001) Importer(2089858483,0ecaa5967403d082aa24f35e1b516d23)  -> (artifact id: 'a2c66d68cb479ec16a9f6410cf6e4956') in 0.028355 seconds
Number of updated asset objects reloaded before import = 0
Number of asset objects unloaded after import = 1
========================================================================
Received Import Request.
  Time since last request: 0.000037 seconds.
  path: Assets/Parkgarage/Prefabs/parkgarage/Materials/stairwell_wall.mat
  artifactKey: Guid(9bd085fb9ce212547bafe29a27a2482c) Importer(2089858483,0ecaa5967403d082aa24f35e1b516d23)
Start importing Assets/Parkgarage/Prefabs/parkgarage/Materials/stairwell_wall.mat using Guid(9bd085fb9ce212547bafe29a27a2482c) Importer(2089858483,0ecaa5967403d082aa24f35e1b516d23)  -> (artifact id: '9ebb3da96bd23f8bdbf82b733dc147ab') in 0.030766 seconds
Number of updated asset objects reloaded before import = 0
Number of asset objects unloaded after import = 1
========================================================================
Received Import Request.
  Time since last request: 0.000073 seconds.
  path: Assets/Parkgarage/Prefabs/signs/mesh/Materials/Sign_font.mat
  artifactKey: Guid(1e24253e891b7aa44b500a70f9c3141d) Importer(2089858483,0ecaa5967403d082aa24f35e1b516d23)
Start importing Assets/Parkgarage/Prefabs/signs/mesh/Materials/Sign_font.mat using Guid(1e24253e891b7aa44b500a70f9c3141d) Importer(2089858483,0ecaa5967403d082aa24f35e1b516d23)  -> (artifact id: '6cdc83aeaeaf2962d3d9c198661cc017') in 0.042641 seconds
Number of updated asset objects reloaded before import = 0
Number of asset objects unloaded after import = 1
========================================================================
Received Import Request.
  Time since last request: 0.000044 seconds.
  path: Assets/Weapons/Prefabs/LaserShooter-Beta.prefab
  artifactKey: Guid(69f7a757f06122a4b948f0c1559ecb5b) Importer(2089858483,0ecaa5967403d082aa24f35e1b516d23)
Start importing Assets/Weapons/Prefabs/LaserShooter-Beta.prefab using Guid(69f7a757f06122a4b948f0c1559ecb5b) Importer(2089858483,0ecaa5967403d082aa24f35e1b516d23)  -> (artifact id: 'c83004d087fb68b2fe5e48326b44d285') in 0.048772 seconds
Number of updated asset objects reloaded before import = 0
Number of asset objects unloaded after import = 7
========================================================================
Received Import Request.
  Time since last request: 0.000033 seconds.
  path: Assets/Imports/BigRookGames/_AssetPacks/Stylized Weapon Pack/Stylized Rocket Launcher/Materials/VFX/SoftGlowHDR.mat
  artifactKey: Guid(9368d5ab64308a847b927d273e2ce0bb) Importer(2089858483,0ecaa5967403d082aa24f35e1b516d23)
Start importing Assets/Imports/BigRookGames/_AssetPacks/Stylized Weapon Pack/Stylized Rocket Launcher/Materials/VFX/SoftGlowHDR.mat using Guid(9368d5ab64308a847b927d273e2ce0bb) Importer(2089858483,0ecaa5967403d082aa24f35e1b516d23)  -> (artifact id: '972cf652d31d88d9d9146bdbaa27ab42') in 0.058273 seconds
Number of updated asset objects reloaded before import = 0
Number of asset objects unloaded after import = 1
========================================================================
Received Import Request.
  Time since last request: 0.000055 seconds.
  path: Assets/Parkgarage/Prefabs/machines/TicketBuy_prefab.prefab
  artifactKey: Guid(b2e151edfd80c904d91add9991040406) Importer(2089858483,0ecaa5967403d082aa24f35e1b516d23)
Start importing Assets/Parkgarage/Prefabs/machines/TicketBuy_prefab.prefab using Guid(b2e151edfd80c904d91add9991040406) Importer(2089858483,0ecaa5967403d082aa24f35e1b516d23)  -> (artifact id: '0e1e1e5793aa06a708cb898ec35c00ed') in 0.056716 seconds
Number of updated asset objects reloaded before import = 0
Number of asset objects unloaded after import = 10
========================================================================
Received Import Request.
  Time since last request: 0.000037 seconds.
  path: Assets/Parkgarage/Prefabs/bench/Materials/Bench_metal.mat
  artifactKey: Guid(a115b1e34b9ac524d837f1e8d3a904b8) Importer(2089858483,0ecaa5967403d082aa24f35e1b516d23)
Start importing Assets/Parkgarage/Prefabs/bench/Materials/Bench_metal.mat using Guid(a115b1e34b9ac524d837f1e8d3a904b8) Importer(2089858483,0ecaa5967403d082aa24f35e1b516d23)  -> (artifact id: '3ea0913dcac5bfeb97898d01a38eeaf8') in 0.072572 seconds
Number of updated asset objects reloaded before import = 0
Number of asset objects unloaded after import = 2
========================================================================
Received Import Request.
  Time since last request: 0.000097 seconds.
  path: Assets/Imports/Bublik/Simple Modular Castle Assets/Shader Graphs/Toon_Builtin.shadergraph
  artifactKey: Guid(d0ed581aa3f326c46b88631eabf08ae1) Importer(2089858483,0ecaa5967403d082aa24f35e1b516d23)
Start importing Assets/Imports/Bublik/Simple Modular Castle Assets/Shader Graphs/Toon_Builtin.shadergraph using Guid(d0ed581aa3f326c46b88631eabf08ae1) Importer(2089858483,0ecaa5967403d082aa24f35e1b516d23)  -> (artifact id: 'dbcb7c752f2adb03b043b2ebf3c178d0') in 0.031697 seconds
Number of updated asset objects reloaded before import = 0
Number of asset objects unloaded after import = 1
========================================================================
Received Import Request.
  Time since last request: 0.000386 seconds.
  path: Assets/Parkgarage/Prefabs/machines/pole_prefab.prefab
  artifactKey: Guid(fa4cadb87fb68304bb763421ddb51aed) Importer(2089858483,0ecaa5967403d082aa24f35e1b516d23)
Start importing Assets/Parkgarage/Prefabs/machines/pole_prefab.prefab using Guid(fa4cadb87fb68304bb763421ddb51aed) Importer(2089858483,0ecaa5967403d082aa24f35e1b516d23)  -> (artifact id: '78dda12b1c4d52222cfb5ddf55174c96') in 0.055220 seconds
Number of updated asset objects reloaded before import = 0
Number of asset objects unloaded after import = 10
========================================================================
Received Import Request.
  Time since last request: 0.000029 seconds.
  path: Assets/Imports/Zombie Cartoon/Material/BG_Mat.mat
  artifactKey: Guid(148aaef5dc6ad9b4097a66f20e95fe2a) Importer(2089858483,0ecaa5967403d082aa24f35e1b516d23)
Start importing Assets/Imports/Zombie Cartoon/Material/BG_Mat.mat using Guid(148aaef5dc6ad9b4097a66f20e95fe2a) Importer(2089858483,0ecaa5967403d082aa24f35e1b516d23)  -> (artifact id: '6c824c0b881d9bfcf3e0a076dd86b0d2') in 0.062981 seconds
Number of updated asset objects reloaded before import = 0
Number of asset objects unloaded after import = 1
========================================================================
Received Import Request.
  Time since last request: 0.000064 seconds.
  path: Assets/Simple FPS Controller/Scenes/Example.unity
  artifactKey: Guid(f716064f7698bae45934df028a94c156) Importer(2089858483,0ecaa5967403d082aa24f35e1b516d23)
Start importing Assets/Simple FPS Controller/Scenes/Example.unity using Guid(f716064f7698bae45934df028a94c156) Importer(2089858483,0ecaa5967403d082aa24f35e1b516d23)  -> (artifact id: '565b075b739dc2194837696c7bc79bdd') in 0.027658 seconds
Number of updated asset objects reloaded before import = 0
Number of asset objects unloaded after import = 1
========================================================================
Received Import Request.
  Time since last request: 0.001928 seconds.
  path: Assets/Imports/European Buildings/Materials/wood_3.mat
  artifactKey: Guid(0cd3a6849edc72f43a22c074826c2eac) Importer(2089858483,0ecaa5967403d082aa24f35e1b516d23)
Start importing Assets/Imports/European Buildings/Materials/wood_3.mat using Guid(0cd3a6849edc72f43a22c074826c2eac) Importer(2089858483,0ecaa5967403d082aa24f35e1b516d23)  -> (artifact id: 'c2a878a190eef763628421ed637e01c1') in 0.118189 seconds
Number of updated asset objects reloaded before import = 0
Number of asset objects unloaded after import = 1
========================================================================
Received Import Request.
  Time since last request: 0.000098 seconds.
  path: Assets/Parkgarage/Prefabs/Tree
  artifactKey: Guid(8642dd6bedf2e8f43b20371942c50c21) Importer(2089858483,0ecaa5967403d082aa24f35e1b516d23)
Start importing Assets/Parkgarage/Prefabs/Tree using Guid(8642dd6bedf2e8f43b20371942c50c21) Importer(2089858483,0ecaa5967403d082aa24f35e1b516d23)  -> (artifact id: '961151097f3bc77e2911315e74deff26') in 0.051945 seconds
Number of updated asset objects reloaded before import = 0
Number of asset objects unloaded after import = 1
========================================================================
Received Import Request.
  Time since last request: 0.001122 seconds.
  path: Assets/Imports/BigRookGames/_AssetPacks/Stylized Weapon Pack/Stylized Rocket Launcher/Materials/VFX/BigFlashHDR.mat
  artifactKey: Guid(0a38d36ccc58ec946b3175488e3effe4) Importer(2089858483,0ecaa5967403d082aa24f35e1b516d23)
Start importing Assets/Imports/BigRookGames/_AssetPacks/Stylized Weapon Pack/Stylized Rocket Launcher/Materials/VFX/BigFlashHDR.mat using Guid(0a38d36ccc58ec946b3175488e3effe4) Importer(2089858483,0ecaa5967403d082aa24f35e1b516d23)  -> (artifact id: '9eb19d2cdc4fac4839dec441a169b954') in 0.140291 seconds
Number of updated asset objects reloaded before import = 0
Number of asset objects unloaded after import = 2
========================================================================
Received Import Request.
  Time since last request: 0.001038 seconds.
  path: Assets/Parkgarage/Prefabs/signs/mesh/Materials/maxHighSign.mat
  artifactKey: Guid(a6442c7ab7ac4634280a02ad5f4a7b5b) Importer(2089858483,0ecaa5967403d082aa24f35e1b516d23)
Start importing Assets/Parkgarage/Prefabs/signs/mesh/Materials/maxHighSign.mat using Guid(a6442c7ab7ac4634280a02ad5f4a7b5b) Importer(2089858483,0ecaa5967403d082aa24f35e1b516d23)  -> (artifact id: 'c59e3331955b09c7f942cd201d84df8d') in 0.151783 seconds
Number of updated asset objects reloaded before import = 0
Number of asset objects unloaded after import = 2
========================================================================
Received Import Request.
  Time since last request: 0.001060 seconds.
  path: Assets/Parkgarage/Prefabs/parkgarage/Materials/stairwell_floor.mat
  artifactKey: Guid(c416efc97ba2040418e7d15e17879db2) Importer(2089858483,0ecaa5967403d082aa24f35e1b516d23)
Start importing Assets/Parkgarage/Prefabs/parkgarage/Materials/stairwell_floor.mat using Guid(c416efc97ba2040418e7d15e17879db2) Importer(2089858483,0ecaa5967403d082aa24f35e1b516d23)  -> (artifact id: 'b907ddc7463ab41bc7b4142ff44e5fd0') in 0.056010 seconds
Number of updated asset objects reloaded before import = 0
Number of asset objects unloaded after import = 3
========================================================================
Received Import Request.
  Time since last request: 0.005512 seconds.
  path: Assets/Imports/Zombie Cartoon/Prefab
  artifactKey: Guid(7f388ad2ac3217940928b3927a58d717) Importer(2089858483,0ecaa5967403d082aa24f35e1b516d23)
Start importing Assets/Imports/Zombie Cartoon/Prefab using Guid(7f388ad2ac3217940928b3927a58d717) Importer(2089858483,0ecaa5967403d082aa24f35e1b516d23)  -> (artifact id: '20421668fb5995b8f1c2bb2531c7cb8e') in 0.034944 seconds
Number of updated asset objects reloaded before import = 0
Number of asset objects unloaded after import = 1
========================================================================
Received Import Request.
  Time since last request: 0.007239 seconds.
  path: Assets/Imports/TowerDefenceAssets/Prefabs/Towers/Tower_12.prefab
  artifactKey: Guid(24675bd69c0fefa41846f839773707dc) Importer(2089858483,0ecaa5967403d082aa24f35e1b516d23)
Start importing Assets/Imports/TowerDefenceAssets/Prefabs/Towers/Tower_12.prefab using Guid(24675bd69c0fefa41846f839773707dc) Importer(2089858483,0ecaa5967403d082aa24f35e1b516d23)  -> (artifact id: '75679fc4454bc199d88cd33bb4814420') in 0.109424 seconds
Number of updated asset objects reloaded before import = 0
Number of asset objects unloaded after import = 28
========================================================================
Received Import Request.
  Time since last request: 0.001994 seconds.
  path: Assets/BigRookGames Holder/VFX
  artifactKey: Guid(608baff1a05743c4e8ef7966e2611cba) Importer(2089858483,0ecaa5967403d082aa24f35e1b516d23)
Start importing Assets/BigRookGames Holder/VFX using Guid(608baff1a05743c4e8ef7966e2611cba) Importer(2089858483,0ecaa5967403d082aa24f35e1b516d23)  -> (artifact id: 'c14dd17d602ab961a2fc5d6d404f4bc6') in 0.037038 seconds
Number of updated asset objects reloaded before import = 0
Number of asset objects unloaded after import = 1
========================================================================
Received Import Request.
  Time since last request: 0.000042 seconds.
  path: Assets/Parkgarage/Prefabs/doors/texture
  artifactKey: Guid(bcdd6cd61a781fe498043ba1b48e9656) Importer(2089858483,0ecaa5967403d082aa24f35e1b516d23)
Start importing Assets/Parkgarage/Prefabs/doors/texture using Guid(bcdd6cd61a781fe498043ba1b48e9656) Importer(2089858483,0ecaa5967403d082aa24f35e1b516d23)  -> (artifact id: 'a3ba8de8f3febb762c5f4645373f7f1b') in 0.032163 seconds
Number of updated asset objects reloaded before import = 0
Number of asset objects unloaded after import = 1
========================================================================
Received Import Request.
  Time since last request: 0.000115 seconds.
  path: Assets/Imports/Bublik/Simple Modular Castle Assets/Prefabs/Stone_Gate.prefab
  artifactKey: Guid(e7e3ba30f5356444ea4aea90785bb480) Importer(2089858483,0ecaa5967403d082aa24f35e1b516d23)
Start importing Assets/Imports/Bublik/Simple Modular Castle Assets/Prefabs/Stone_Gate.prefab using Guid(e7e3ba30f5356444ea4aea90785bb480) Importer(2089858483,0ecaa5967403d082aa24f35e1b516d23)  -> (artifact id: '4e48aa77620819e3e2d3decf5f61bfa6') in 0.081555 seconds
Number of updated asset objects reloaded before import = 0
Number of asset objects unloaded after import = 24
========================================================================
Received Import Request.
  Time since last request: 0.000030 seconds.
  path: Assets/Imports/BigRookGames/Scripts/Weapons
  artifactKey: Guid(82a6e747a46f5054689db44570b15635) Importer(2089858483,0ecaa5967403d082aa24f35e1b516d23)
Start importing Assets/Imports/BigRookGames/Scripts/Weapons using Guid(82a6e747a46f5054689db44570b15635) Importer(2089858483,0ecaa5967403d082aa24f35e1b516d23)  -> (artifact id: 'ea31869150c631bf639878368bac2e0b') in 0.033084 seconds
Number of updated asset objects reloaded before import = 0
Number of asset objects unloaded after import = 1
========================================================================
Received Import Request.
  Time since last request: 0.000040 seconds.
  path: Assets/Imports/European Buildings/FBX
  artifactKey: Guid(1c5fb1f8932ee9848ac4d376ad97b3a3) Importer(2089858483,0ecaa5967403d082aa24f35e1b516d23)
Start importing Assets/Imports/European Buildings/FBX using Guid(1c5fb1f8932ee9848ac4d376ad97b3a3) Importer(2089858483,0ecaa5967403d082aa24f35e1b516d23)  -> (artifact id: '125f7f961967854a78022bd7690b8817') in 0.030122 seconds
Number of updated asset objects reloaded before import = 0
Number of asset objects unloaded after import = 1
========================================================================
Received Import Request.
  Time since last request: 0.000032 seconds.
  path: Assets/Imports/Cosmic_Retro_Blasters Pack_1_FREE/Models
  artifactKey: Guid(c351286fd9c76974fbf6bff6f7a4f2a6) Importer(2089858483,0ecaa5967403d082aa24f35e1b516d23)
Start importing Assets/Imports/Cosmic_Retro_Blasters Pack_1_FREE/Models using Guid(c351286fd9c76974fbf6bff6f7a4f2a6) Importer(2089858483,0ecaa5967403d082aa24f35e1b516d23)  -> (artifact id: '4f447e61c2731d8410777373f788e2ff') in 0.025105 seconds
Number of updated asset objects reloaded before import = 0
Number of asset objects unloaded after import = 1
========================================================================
Received Import Request.
  Time since last request: 0.000165 seconds.
  path: Assets/Parkgarage/Prefabs/signs/Direction_left_sign_prefab.prefab
  artifactKey: Guid(74eea36b73814954fa8faeef4139a3c3) Importer(2089858483,0ecaa5967403d082aa24f35e1b516d23)
Start importing Assets/Parkgarage/Prefabs/signs/Direction_left_sign_prefab.prefab using Guid(74eea36b73814954fa8faeef4139a3c3) Importer(2089858483,0ecaa5967403d082aa24f35e1b516d23)  -> (artifact id: '735fb3b4dc4fc5fc0e87fbacadf68e61') in 0.140808 seconds
Number of updated asset objects reloaded before import = 0
Number of asset objects unloaded after import = 10
========================================================================
Received Import Request.
  Time since last request: 0.000080 seconds.
  path: Assets/Parkgarage/Prefabs/signs/mesh/Materials/parkgarage.mat
  artifactKey: Guid(6ef223291b6629046af05c0cada52259) Importer(2089858483,0ecaa5967403d082aa24f35e1b516d23)
Start importing Assets/Parkgarage/Prefabs/signs/mesh/Materials/parkgarage.mat using Guid(6ef223291b6629046af05c0cada52259) Importer(2089858483,0ecaa5967403d082aa24f35e1b516d23)  -> (artifact id: 'ecfcdc616ddfc626269e558f8ab6f170') in 0.107140 seconds
Number of updated asset objects reloaded before import = 0
Number of asset objects unloaded after import = 2
========================================================================
Received Import Request.
  Time since last request: 0.000100 seconds.
  path: Assets/Imports/Bublik/Simple Modular Castle Assets
  artifactKey: Guid(9db5686663ae84a4a979a4e2d23d6004) Importer(2089858483,0ecaa5967403d082aa24f35e1b516d23)
Start importing Assets/Imports/Bublik/Simple Modular Castle Assets using Guid(9db5686663ae84a4a979a4e2d23d6004) Importer(2089858483,0ecaa5967403d082aa24f35e1b516d23)  -> (artifact id: '7e5cc596f93a0ac3423b6f447131abbf') in 0.035050 seconds
Number of updated asset objects reloaded before import = 0
Number of asset objects unloaded after import = 1
========================================================================
Received Import Request.
  Time since last request: 0.000043 seconds.
  path: Assets/Parkgarage/Prefabs/signs
  artifactKey: Guid(2f2ba9f63c7d19d4492306fc2f1bcafc) Importer(2089858483,0ecaa5967403d082aa24f35e1b516d23)
Start importing Assets/Parkgarage/Prefabs/signs using Guid(2f2ba9f63c7d19d4492306fc2f1bcafc) Importer(2089858483,0ecaa5967403d082aa24f35e1b516d23)  -> (artifact id: 'd760e85eb8a8d4981777f2642db08c40') in 0.050101 seconds
Number of updated asset objects reloaded before import = 0
Number of asset objects unloaded after import = 1
========================================================================
Received Import Request.
  Time since last request: 0.000154 seconds.
  path: Assets/Parkgarage/Prefabs/plants/Materials
  artifactKey: Guid(176f41f530546114e90deee037f5856d) Importer(2089858483,0ecaa5967403d082aa24f35e1b516d23)
Start importing Assets/Parkgarage/Prefabs/plants/Materials using Guid(176f41f530546114e90deee037f5856d) Importer(2089858483,0ecaa5967403d082aa24f35e1b516d23)  -> (artifact id: 'a018be5cacabb365234fd0b76f8f7c84') in 0.039310 seconds
Number of updated asset objects reloaded before import = 0
Number of asset objects unloaded after import = 1
========================================================================
Received Import Request.
  Time since last request: 0.000040 seconds.
  path: Assets/Parkgarage/Prefabs/lamps/Lamp_parkgarage_prefab.prefab
  artifactKey: Guid(9e64e386550c6c1409eab88cc46172a8) Importer(2089858483,0ecaa5967403d082aa24f35e1b516d23)
Start importing Assets/Parkgarage/Prefabs/lamps/Lamp_parkgarage_prefab.prefab using Guid(9e64e386550c6c1409eab88cc46172a8) Importer(2089858483,0ecaa5967403d082aa24f35e1b516d23)  -> (artifact id: '2a4cf6233208342aba9f76dd675d7b27') in 0.032061 seconds
Number of updated asset objects reloaded before import = 0
Number of asset objects unloaded after import = 13
========================================================================
Received Import Request.
  Time since last request: 0.000038 seconds.
  path: Assets/Little_GhostLP(FREE)/Animations/Ghost_Kid.controller
  artifactKey: Guid(20a010b4312475848bb77db3a6c4c729) Importer(2089858483,0ecaa5967403d082aa24f35e1b516d23)
Start importing Assets/Little_GhostLP(FREE)/Animations/Ghost_Kid.controller using Guid(20a010b4312475848bb77db3a6c4c729) Importer(2089858483,0ecaa5967403d082aa24f35e1b516d23)  -> (artifact id: '5186f8d82ad7e64a3ad187a6d1d5c910') in 0.024598 seconds
Number of updated asset objects reloaded before import = 0
Number of asset objects unloaded after import = 4
========================================================================
Received Import Request.
  Time since last request: 0.000030 seconds.
  path: Assets/Parkgarage/Prefabs/widnows/Window_b01/mesh/Materials/Frame_B01.mat
  artifactKey: Guid(488ae51140e79b9408649a1ef8cfe4a9) Importer(2089858483,0ecaa5967403d082aa24f35e1b516d23)
Start importing Assets/Parkgarage/Prefabs/widnows/Window_b01/mesh/Materials/Frame_B01.mat using Guid(488ae51140e79b9408649a1ef8cfe4a9) Importer(2089858483,0ecaa5967403d082aa24f35e1b516d23)  -> (artifact id: '4e321e87cdb18b78f6f5bef4c803b930') in 0.028886 seconds
Number of updated asset objects reloaded before import = 0
Number of asset objects unloaded after import = 1
========================================================================
Received Import Request.
  Time since last request: 0.000033 seconds.
  path: Assets/Imports/European Buildings/Buildings/building_1.prefab
  artifactKey: Guid(4531f4941a67045459499f23ed5bc711) Importer(2089858483,0ecaa5967403d082aa24f35e1b516d23)
Start importing Assets/Imports/European Buildings/Buildings/building_1.prefab using Guid(4531f4941a67045459499f23ed5bc711) Importer(2089858483,0ecaa5967403d082aa24f35e1b516d23)  -> (artifact id: '50b2d017c471306a5b3dd233668170b3') in 0.032063 seconds
Number of updated asset objects reloaded before import = 0
Number of asset objects unloaded after import = 8
========================================================================
Received Import Request.
  Time since last request: 0.000190 seconds.
  path: Assets/SkySeries Freebie
  artifactKey: Guid(ee443ada40cf35f4ea9076bd86d8b1e9) Importer(2089858483,0ecaa5967403d082aa24f35e1b516d23)
Start importing Assets/SkySeries Freebie using Guid(ee443ada40cf35f4ea9076bd86d8b1e9) Importer(2089858483,0ecaa5967403d082aa24f35e1b516d23)  -> (artifact id: 'cd37c8dd8caab5fd80b69e24b67f55b0') in 0.016290 seconds
Number of updated asset objects reloaded before import = 0
Number of asset objects unloaded after import = 1
========================================================================
Received Import Request.
  Time since last request: 0.000023 seconds.
  path: Assets/Imports/BigRookGames/_AssetPacks/Stylized Weapon Pack/Stylized Rocket Launcher/Prefabs/Rocket Projectile.prefab
  artifactKey: Guid(5269dd52fdc50ea429c6b6a65cc1161e) Importer(2089858483,0ecaa5967403d082aa24f35e1b516d23)
Start importing Assets/Imports/BigRookGames/_AssetPacks/Stylized Weapon Pack/Stylized Rocket Launcher/Prefabs/Rocket Projectile.prefab using Guid(5269dd52fdc50ea429c6b6a65cc1161e) Importer(2089858483,0ecaa5967403d082aa24f35e1b516d23)  -> (artifact id: '64fc2e0ab1209df5baafbb10e660bbb1') in 0.041343 seconds
Number of updated asset objects reloaded before import = 0
Number of asset objects unloaded after import = 70
========================================================================
Received Import Request.
  Time since last request: 0.000023 seconds.
  path: Assets/Imports/TowerDefenceAssets/Prefabs/Towers/Tower_13.prefab
  artifactKey: Guid(cb00a0ebc352f8d4689257ad24fab429) Importer(2089858483,0ecaa5967403d082aa24f35e1b516d23)
Start importing Assets/Imports/TowerDefenceAssets/Prefabs/Towers/Tower_13.prefab using Guid(cb00a0ebc352f8d4689257ad24fab429) Importer(2089858483,0ecaa5967403d082aa24f35e1b516d23)  -> (artifact id: '1fef607641643cb4b7eb9c8149493919') in 0.042624 seconds
Number of updated asset objects reloaded before import = 0
Number of asset objects unloaded after import = 28
========================================================================
Received Import Request.
  Time since last request: 0.000031 seconds.
  path: Assets/BigRookGames Holder/M4 Scoped Assault Rifle
  artifactKey: Guid(07e06e2a8e817f84fab4cbf9db91aeb0) Importer(2089858483,0ecaa5967403d082aa24f35e1b516d23)
Start importing Assets/BigRookGames Holder/M4 Scoped Assault Rifle using Guid(07e06e2a8e817f84fab4cbf9db91aeb0) Importer(2089858483,0ecaa5967403d082aa24f35e1b516d23)  -> (artifact id: '105ded3b388f3f4f7066f9ac245c39d0') in 0.014667 seconds
Number of updated asset objects reloaded before import = 0
Number of asset objects unloaded after import = 1
========================================================================
Received Import Request.
  Time since last request: 0.000020 seconds.
  path: Assets/Imports/European Buildings/Decorations/road_crosswalk.prefab
  artifactKey: Guid(824dda6fb747b454c95259ff9c53b1e7) Importer(2089858483,0ecaa5967403d082aa24f35e1b516d23)
Start importing Assets/Imports/European Buildings/Decorations/road_crosswalk.prefab using Guid(824dda6fb747b454c95259ff9c53b1e7) Importer(2089858483,0ecaa5967403d082aa24f35e1b516d23)  -> (artifact id: 'e6a801ba09c37d0acbafda2ce7cc91cd') in 0.046872 seconds
Number of updated asset objects reloaded before import = 0
Number of asset objects unloaded after import = 8
========================================================================
Received Import Request.
  Time since last request: 0.000031 seconds.
  path: Assets/Imports/Bublik/Simple Modular Castle Assets/Prefabs/Stone_Mine.prefab
  artifactKey: Guid(42073504b6f131740bc309463f303aef) Importer(2089858483,0ecaa5967403d082aa24f35e1b516d23)
Start importing Assets/Imports/Bublik/Simple Modular Castle Assets/Prefabs/Stone_Mine.prefab using Guid(42073504b6f131740bc309463f303aef) Importer(2089858483,0ecaa5967403d082aa24f35e1b516d23)  -> (artifact id: 'fa520022ab3e2a0a125ad8801091e587') in 0.040492 seconds
Number of updated asset objects reloaded before import = 0
Number of asset objects unloaded after import = 7
========================================================================
Received Import Request.
  Time since last request: 0.000029 seconds.
  path: Assets/Parkgarage/Prefabs/doors/mesh/Materials
  artifactKey: Guid(680e3f7a01b04b943a0b5f045c44bcf6) Importer(2089858483,0ecaa5967403d082aa24f35e1b516d23)
Start importing Assets/Parkgarage/Prefabs/doors/mesh/Materials using Guid(680e3f7a01b04b943a0b5f045c44bcf6) Importer(2089858483,0ecaa5967403d082aa24f35e1b516d23)  -> (artifact id: '2b665aa95b152022f9da68904f603d19') in 0.013656 seconds
Number of updated asset objects reloaded before import = 0
Number of asset objects unloaded after import = 1
========================================================================
Received Import Request.
  Time since last request: 0.000032 seconds.
  path: Assets/Parkgarage/Prefabs/doors
  artifactKey: Guid(22388bb98f5ba8d47a7f34a989aac566) Importer(2089858483,0ecaa5967403d082aa24f35e1b516d23)
Start importing Assets/Parkgarage/Prefabs/doors using Guid(22388bb98f5ba8d47a7f34a989aac566) Importer(2089858483,0ecaa5967403d082aa24f35e1b516d23)  -> (artifact id: '8f49b977b8e1791e9053c0b7c96f7be3') in 0.011014 seconds
Number of updated asset objects reloaded before import = 0
Number of asset objects unloaded after import = 1
========================================================================
Received Import Request.
  Time since last request: 0.000026 seconds.
  path: Assets/Imports/Cosmic_Retro_Blasters Pack_1_FREE/Demo_Scene/GlobalVolume/Global Volume Profile.asset
  artifactKey: Guid(b2e1a733b2179ea47b77c6494e2dcb9c) Importer(2089858483,0ecaa5967403d082aa24f35e1b516d23)
Start importing Assets/Imports/Cosmic_Retro_Blasters Pack_1_FREE/Demo_Scene/GlobalVolume/Global Volume Profile.asset using Guid(b2e1a733b2179ea47b77c6494e2dcb9c) Importer(2089858483,0ecaa5967403d082aa24f35e1b516d23)  -> (artifact id: 'b03f75d437d092622bc1754cbdbbd9ef') in 0.027171 seconds
Number of updated asset objects reloaded before import = 0
Number of asset objects unloaded after import = 1
========================================================================
Received Import Request.
  Time since last request: 0.000024 seconds.
  path: Assets/Imports/BigRookGames/_AssetPacks/Stylized Weapon Pack/Stylized Rocket Launcher/Prefabs/VFX/RocketExplosion.prefab
  artifactKey: Guid(a98b15aa948478849b54661e4d9a317e) Importer(2089858483,0ecaa5967403d082aa24f35e1b516d23)
Start importing Assets/Imports/BigRookGames/_AssetPacks/Stylized Weapon Pack/Stylized Rocket Launcher/Prefabs/VFX/RocketExplosion.prefab using Guid(a98b15aa948478849b54661e4d9a317e) Importer(2089858483,0ecaa5967403d082aa24f35e1b516d23)  -> (artifact id: '59021c9dfbba8f35f8b6b25666bfb06b') in 0.177410 seconds
Number of updated asset objects reloaded before import = 0
Number of asset objects unloaded after import = 51
========================================================================
Received Import Request.
  Time since last request: 0.000036 seconds.
  path: Assets/Parkgarage/Prefabs/signs/Parkgarage_sign_prefab.prefab
  artifactKey: Guid(3bd988de35e49ba449b14499dc6c723d) Importer(2089858483,0ecaa5967403d082aa24f35e1b516d23)
Start importing Assets/Parkgarage/Prefabs/signs/Parkgarage_sign_prefab.prefab using Guid(3bd988de35e49ba449b14499dc6c723d) Importer(2089858483,0ecaa5967403d082aa24f35e1b516d23)  -> (artifact id: '069880a813bdd01ebd0e76d251108960') in 0.031808 seconds
Number of updated asset objects reloaded before import = 0
Number of asset objects unloaded after import = 13
========================================================================
Received Import Request.
  Time since last request: 0.000040 seconds.
  path: Assets/SkySeries Freebie/ExampleScenes
  artifactKey: Guid(86425fc531d96d146b84220a347e07f7) Importer(2089858483,0ecaa5967403d082aa24f35e1b516d23)
Start importing Assets/SkySeries Freebie/ExampleScenes using Guid(86425fc531d96d146b84220a347e07f7) Importer(2089858483,0ecaa5967403d082aa24f35e1b516d23)  -> (artifact id: 'ca3029efe7fb63ae8a430c2ce41836b3') in 0.014724 seconds
Number of updated asset objects reloaded before import = 0
Number of asset objects unloaded after import = 1
========================================================================
Received Import Request.
  Time since last request: 0.000020 seconds.
  path: Assets/Parkgarage/Prefabs/signs/materials/maxSpeed.mat
  artifactKey: Guid(83d3537a7deb5e34d9ca3e9de1abca81) Importer(2089858483,0ecaa5967403d082aa24f35e1b516d23)
Start importing Assets/Parkgarage/Prefabs/signs/materials/maxSpeed.mat using Guid(83d3537a7deb5e34d9ca3e9de1abca81) Importer(2089858483,0ecaa5967403d082aa24f35e1b516d23)  -> (artifact id: '93fce6edc40b1e121558778e7a192217') in 0.048916 seconds
Number of updated asset objects reloaded before import = 0
Number of asset objects unloaded after import = 2
========================================================================
Received Import Request.
  Time since last request: 0.000029 seconds.
  path: Assets/Prefabs/EnemyZombie.prefab
  artifactKey: Guid(d9e68520142b9f84395f7d58b2d09f58) Importer(2089858483,0ecaa5967403d082aa24f35e1b516d23)
Start importing Assets/Prefabs/EnemyZombie.prefab using Guid(d9e68520142b9f84395f7d58b2d09f58) Importer(2089858483,0ecaa5967403d082aa24f35e1b516d23)  -> (artifact id: 'ae7d53062cb617db67891a270190a41c') in 0.035277 seconds
Number of updated asset objects reloaded before import = 0
Number of asset objects unloaded after import = 176
========================================================================
Received Import Request.
  Time since last request: 0.000057 seconds.
  path: Assets/Imports/TowerDefenceAssets/Materials/GradientColor_1_Mat.mat
  artifactKey: Guid(1c1ea66f7006c7440a80d2f207212aac) Importer(2089858483,0ecaa5967403d082aa24f35e1b516d23)
Start importing Assets/Imports/TowerDefenceAssets/Materials/GradientColor_1_Mat.mat using Guid(1c1ea66f7006c7440a80d2f207212aac) Importer(2089858483,0ecaa5967403d082aa24f35e1b516d23)  -> (artifact id: '083104b99bfe1b0cb755f3342e922174') in 0.020219 seconds
Number of updated asset objects reloaded before import = 0
Number of asset objects unloaded after import = 2
========================================================================
Received Import Request.
  Time since last request: 0.267978 seconds.
  path: Assets/Parkgarage/Prefabs/doors/Door_0.3_prefab.prefab
  artifactKey: Guid(55393b141d189c34a8a2ef144e549c90) Importer(2089858483,0ecaa5967403d082aa24f35e1b516d23)
Start importing Assets/Parkgarage/Prefabs/doors/Door_0.3_prefab.prefab using Guid(55393b141d189c34a8a2ef144e549c90) Importer(2089858483,0ecaa5967403d082aa24f35e1b516d23)  -> (artifact id: 'e21aa648141ccf30c625a106dd1c082a') in 0.052166 seconds
Number of updated asset objects reloaded before import = 0
Number of asset objects unloaded after import = 28
========================================================================
Received Import Request.
  Time since last request: 0.000033 seconds.
  path: Assets/SkySeries Freebie/ExampleScenes/SceneObjects/4_10.mat
  artifactKey: Guid(db3bceb128d32144ca6fd4550ac256bc) Importer(2089858483,0ecaa5967403d082aa24f35e1b516d23)
Start importing Assets/SkySeries Freebie/ExampleScenes/SceneObjects/4_10.mat using Guid(db3bceb128d32144ca6fd4550ac256bc) Importer(2089858483,0ecaa5967403d082aa24f35e1b516d23)  -> (artifact id: '6815bc417669ba6907c72fb52584ad13') in 0.055084 seconds
Number of updated asset objects reloaded before import = 0
Number of asset objects unloaded after import = 1
========================================================================
Received Import Request.
  Time since last request: 0.000102 seconds.
  path: Assets/Imports/Cosmic_Retro_Blasters Pack_1_FREE/Materials/Cosmic_Retro_Blaster_1_Sample.mat
  artifactKey: Guid(ae853d203c513664e90485a27b55134d) Importer(2089858483,0ecaa5967403d082aa24f35e1b516d23)
Start importing Assets/Imports/Cosmic_Retro_Blasters Pack_1_FREE/Materials/Cosmic_Retro_Blaster_1_Sample.mat using Guid(ae853d203c513664e90485a27b55134d) Importer(2089858483,0ecaa5967403d082aa24f35e1b516d23)  -> (artifact id: '8076c18155806fc5e4630a49890f913b') in 0.048603 seconds
Number of updated asset objects reloaded before import = 0
Number of asset objects unloaded after import = 3
========================================================================
Received Import Request.
  Time since last request: 0.000043 seconds.
  path: Assets/Imports/Bublik/Simple Modular Castle Assets/Prefabs/Stone_Tower.prefab
  artifactKey: Guid(d9e1370265c013c42b87d8023a922480) Importer(2089858483,0ecaa5967403d082aa24f35e1b516d23)
Start importing Assets/Imports/Bublik/Simple Modular Castle Assets/Prefabs/Stone_Tower.prefab using Guid(d9e1370265c013c42b87d8023a922480) Importer(2089858483,0ecaa5967403d082aa24f35e1b516d23)  -> (artifact id: '398515f1a70d8734aa1d039508cd5f49') in 0.071161 seconds
Number of updated asset objects reloaded before import = 0
Number of asset objects unloaded after import = 7
========================================================================
Received Import Request.
  Time since last request: 0.000037 seconds.
  path: Assets/Parkgarage/Prefabs/signs/Don`t_enter_sign_prefab.prefab
  artifactKey: Guid(64b963fdb007e814a973a2b62d25ef7d) Importer(2089858483,0ecaa5967403d082aa24f35e1b516d23)
Start importing Assets/Parkgarage/Prefabs/signs/Don`t_enter_sign_prefab.prefab using Guid(64b963fdb007e814a973a2b62d25ef7d) Importer(2089858483,0ecaa5967403d082aa24f35e1b516d23)  -> (artifact id: '6c5f4ceade77f0ead33f56e28549ed55') in 0.048162 seconds
Number of updated asset objects reloaded before import = 0
Number of asset objects unloaded after import = 10
========================================================================
Received Import Request.
  Time since last request: 0.000029 seconds.
  path: Assets/Imports/European Buildings/Buildings/building_6.prefab
  artifactKey: Guid(62b590143d8a1f841b1ff8d5536f0676) Importer(2089858483,0ecaa5967403d082aa24f35e1b516d23)
Start importing Assets/Imports/European Buildings/Buildings/building_6.prefab using Guid(62b590143d8a1f841b1ff8d5536f0676) Importer(2089858483,0ecaa5967403d082aa24f35e1b516d23)  -> (artifact id: '97afae3f081a5da773370d2454e3cbbf') in 0.060493 seconds
Number of updated asset objects reloaded before import = 0
Number of asset objects unloaded after import = 8
========================================================================
Received Import Request.
  Time since last request: 0.000032 seconds.
  path: Assets/Imports/European Buildings/Decorations/patio_platform.prefab
  artifactKey: Guid(be9e5607f396e314f9284859db0f54bd) Importer(2089858483,0ecaa5967403d082aa24f35e1b516d23)
Start importing Assets/Imports/European Buildings/Decorations/patio_platform.prefab using Guid(be9e5607f396e314f9284859db0f54bd) Importer(2089858483,0ecaa5967403d082aa24f35e1b516d23)  -> (artifact id: '103fa514093d848b3fbdc3abf784aa0b') in 0.070740 seconds
Number of updated asset objects reloaded before import = 0
Number of asset objects unloaded after import = 8
========================================================================
Received Import Request.
  Time since last request: 0.000036 seconds.
  path: Assets/Imports/European Buildings/Decorations/umbrella.prefab
  artifactKey: Guid(275a9d807a89bfa43aec81bc9be2a3ff) Importer(2089858483,0ecaa5967403d082aa24f35e1b516d23)
Start importing Assets/Imports/European Buildings/Decorations/umbrella.prefab using Guid(275a9d807a89bfa43aec81bc9be2a3ff) Importer(2089858483,0ecaa5967403d082aa24f35e1b516d23)  -> (artifact id: 'e05133d85fe8e681a3947ab40747a534') in 0.067792 seconds
Number of updated asset objects reloaded before import = 0
Number of asset objects unloaded after import = 8
========================================================================
Received Import Request.
  Time since last request: 0.000039 seconds.
  path: Assets/SkySeries Freebie/6SidedFluffball.mat
  artifactKey: Guid(efd1c33efd2d58340b88804268e6833f) Importer(2089858483,0ecaa5967403d082aa24f35e1b516d23)
Start importing Assets/SkySeries Freebie/6SidedFluffball.mat using Guid(efd1c33efd2d58340b88804268e6833f) Importer(2089858483,0ecaa5967403d082aa24f35e1b516d23)  -> (artifact id: '284ff8c4f2332d740c73220a39e5a3a6') in 0.159332 seconds
Number of updated asset objects reloaded before import = 0
Number of asset objects unloaded after import = 7
========================================================================
Received Import Request.
  Time since last request: 0.000023 seconds.
  path: Assets/Imports/European Buildings/Decorations/bench_2_v_2.prefab
  artifactKey: Guid(50f5ebc716a8bdf489764ccdd817a58c) Importer(2089858483,0ecaa5967403d082aa24f35e1b516d23)
Start importing Assets/Imports/European Buildings/Decorations/bench_2_v_2.prefab using Guid(50f5ebc716a8bdf489764ccdd817a58c) Importer(2089858483,0ecaa5967403d082aa24f35e1b516d23)  -> (artifact id: '356db2fd0533b85bd9ad3b0916140f6e') in 0.068470 seconds
Number of updated asset objects reloaded before import = 0
Number of asset objects unloaded after import = 8
========================================================================
Received Import Request.
  Time since last request: 0.000102 seconds.
  path: Assets/Parkgarage/Prefabs/widnows/Window_B02/Window_B_02_prefab.prefab
  artifactKey: Guid(9f5fa97b4ac94264cb507a2cda277694) Importer(2089858483,0ecaa5967403d082aa24f35e1b516d23)
Start importing Assets/Parkgarage/Prefabs/widnows/Window_B02/Window_B_02_prefab.prefab using Guid(9f5fa97b4ac94264cb507a2cda277694) Importer(2089858483,0ecaa5967403d082aa24f35e1b516d23)  -> (artifact id: '28de2070b22146ed8bd89649621b3c13') in 0.044791 seconds
Number of updated asset objects reloaded before import = 0
Number of asset objects unloaded after import = 16
========================================================================
Received Import Request.
  Time since last request: 0.000032 seconds.
  path: Assets/SkySeries Freebie/ExampleScenes/PlanetaryFreebie.unity
  artifactKey: Guid(b803de4d65984fd4b83f3b24d963118f) Importer(2089858483,0ecaa5967403d082aa24f35e1b516d23)
Start importing Assets/SkySeries Freebie/ExampleScenes/PlanetaryFreebie.unity using Guid(b803de4d65984fd4b83f3b24d963118f) Importer(2089858483,0ecaa5967403d082aa24f35e1b516d23)  -> (artifact id: 'a135c5c3cb15660756a4c3c7942e1a7d') in 0.029124 seconds
Number of updated asset objects reloaded before import = 0
Number of asset objects unloaded after import = 1
========================================================================
Received Import Request.
  Time since last request: 0.000027 seconds.
  path: Assets/Parkgarage/Prefabs/parkgarage/Materials/Parkgarage_outside_A.mat
  artifactKey: Guid(68d60a6003767ee40ab04a9511254bb7) Importer(2089858483,0ecaa5967403d082aa24f35e1b516d23)
Start importing Assets/Parkgarage/Prefabs/parkgarage/Materials/Parkgarage_outside_A.mat using Guid(68d60a6003767ee40ab04a9511254bb7) Importer(2089858483,0ecaa5967403d082aa24f35e1b516d23)  -> (artifact id: 'e138ffbc413ebb58dc0f634f0826d850') in 0.049709 seconds
Number of updated asset objects reloaded before import = 0
Number of asset objects unloaded after import = 2
========================================================================
Received Import Request.
  Time since last request: 0.000883 seconds.
  path: Assets/Little_GhostLP(FREE)/Material/Devil
  artifactKey: Guid(22da959a7e1ba6f4689af1814f48ca1a) Importer(2089858483,0ecaa5967403d082aa24f35e1b516d23)
Start importing Assets/Little_GhostLP(FREE)/Material/Devil using Guid(22da959a7e1ba6f4689af1814f48ca1a) Importer(2089858483,0ecaa5967403d082aa24f35e1b516d23)  -> (artifact id: '000aa1dc427ad6db18e1ffa5459ae9cd') in 0.027467 seconds
Number of updated asset objects reloaded before import = 0
Number of asset objects unloaded after import = 1
========================================================================
Received Import Request.
  Time since last request: 0.000050 seconds.
  path: Assets/Parkgarage/Prefabs/machines/Materials/Screen.mat
  artifactKey: Guid(caecbdada7c897b4585a2e1eba7d2348) Importer(2089858483,0ecaa5967403d082aa24f35e1b516d23)
Start importing Assets/Parkgarage/Prefabs/machines/Materials/Screen.mat using Guid(caecbdada7c897b4585a2e1eba7d2348) Importer(2089858483,0ecaa5967403d082aa24f35e1b516d23)  -> (artifact id: '8f39af261e2e48d7c66d4e54c054c628') in 0.067883 seconds
Number of updated asset objects reloaded before import = 0
Number of asset objects unloaded after import = 2
========================================================================
Received Import Request.
  Time since last request: 0.000065 seconds.
  path: Assets/SkySeries Freebie/CloudedSunGlow.mat
  artifactKey: Guid(e391f00234292cc4f935308c11cf0e54) Importer(2089858483,0ecaa5967403d082aa24f35e1b516d23)
Start importing Assets/SkySeries Freebie/CloudedSunGlow.mat using Guid(e391f00234292cc4f935308c11cf0e54) Importer(2089858483,0ecaa5967403d082aa24f35e1b516d23)  -> (artifact id: '770f02193364efd8e43685afcb90a4f1') in 0.175097 seconds
Number of updated asset objects reloaded before import = 0
Number of asset objects unloaded after import = 2
========================================================================
Received Import Request.
  Time since last request: 0.000076 seconds.
  path: Assets/Kevin Iglesias/Zombie Animations/Animations
  artifactKey: Guid(fe5a7f0fd33479147bf872dee59c77a0) Importer(2089858483,0ecaa5967403d082aa24f35e1b516d23)
Start importing Assets/Kevin Iglesias/Zombie Animations/Animations using Guid(fe5a7f0fd33479147bf872dee59c77a0) Importer(2089858483,0ecaa5967403d082aa24f35e1b516d23)  -> (artifact id: '57284abef37bb22bf29162a30fff23e9') in 0.020629 seconds
Number of updated asset objects reloaded before import = 0
Number of asset objects unloaded after import = 1
========================================================================
Received Import Request.
  Time since last request: 0.000113 seconds.
  path: Assets/Kevin Iglesias/Zombie Animations/AnimatorControllers/Zombie@Damages.controller
  artifactKey: Guid(2a72f32275c21e546843cd191be2679f) Importer(2089858483,0ecaa5967403d082aa24f35e1b516d23)
Start importing Assets/Kevin Iglesias/Zombie Animations/AnimatorControllers/Zombie@Damages.controller using Guid(2a72f32275c21e546843cd191be2679f) Importer(2089858483,0ecaa5967403d082aa24f35e1b516d23)  -> (artifact id: 'e8f40b8cf0d0d5cbe8ef0841b06bf465') in 0.043494 seconds
Number of updated asset objects reloaded before import = 0
Number of asset objects unloaded after import = 5
========================================================================
Received Import Request.
  Time since last request: 0.000028 seconds.
  path: Assets/SkySeries Freebie/ExampleScenes/UnEarthlyRed.unity
  artifactKey: Guid(acc44db00cf3703479df04ea90bad261) Importer(2089858483,0ecaa5967403d082aa24f35e1b516d23)
Start importing Assets/SkySeries Freebie/ExampleScenes/UnEarthlyRed.unity using Guid(acc44db00cf3703479df04ea90bad261) Importer(2089858483,0ecaa5967403d082aa24f35e1b516d23)  -> (artifact id: '2a73e51bd29d8f2baaabb8ab4abf95ea') in 0.024260 seconds
Number of updated asset objects reloaded before import = 0
Number of asset objects unloaded after import = 1
========================================================================
Received Import Request.
  Time since last request: 0.000034 seconds.
  path: Assets/Kevin Iglesias/Zombie Animations/AnimatorControllers/Zombie@Idles.controller
  artifactKey: Guid(e5c689bb25e3a5b4dbeb4677f4810750) Importer(2089858483,0ecaa5967403d082aa24f35e1b516d23)
Start importing Assets/Kevin Iglesias/Zombie Animations/AnimatorControllers/Zombie@Idles.controller using Guid(e5c689bb25e3a5b4dbeb4677f4810750) Importer(2089858483,0ecaa5967403d082aa24f35e1b516d23)  -> (artifact id: '2f10e672e15a8d087b60324bfd85833e') in 0.028475 seconds
Number of updated asset objects reloaded before import = 0
Number of asset objects unloaded after import = 8
========================================================================
Received Import Request.
  Time since last request: 0.000104 seconds.
  path: Assets/Weapons/Textures
  artifactKey: Guid(73ddf7fa5665a89469c17892338afad8) Importer(2089858483,0ecaa5967403d082aa24f35e1b516d23)
Start importing Assets/Weapons/Textures using Guid(73ddf7fa5665a89469c17892338afad8) Importer(2089858483,0ecaa5967403d082aa24f35e1b516d23)  -> (artifact id: 'af33f78bc8f6686158e8177c345d5bc7') in 0.035376 seconds
Number of updated asset objects reloaded before import = 0
Number of asset objects unloaded after import = 1
========================================================================
Received Import Request.
  Time since last request: 0.010305 seconds.
  path: Assets/Imports/European Buildings/Materials/fasade_9.mat
  artifactKey: Guid(20b762aa30771474f8dc6c459af9c136) Importer(2089858483,0ecaa5967403d082aa24f35e1b516d23)
Start importing Assets/Imports/European Buildings/Materials/fasade_9.mat using Guid(20b762aa30771474f8dc6c459af9c136) Importer(2089858483,0ecaa5967403d082aa24f35e1b516d23)  -> (artifact id: 'fbdca413bf913d5ffd50d5958f11ad72') in 0.103440 seconds
Number of updated asset objects reloaded before import = 0
Number of asset objects unloaded after import = 1
========================================================================
Received Import Request.
  Time since last request: 0.000551 seconds.
  path: Assets/Imports/TowerDefenceAssets/Prefabs/Guns
  artifactKey: Guid(bc651372f0f393d4ebce5112d87399ce) Importer(2089858483,0ecaa5967403d082aa24f35e1b516d23)
Start importing Assets/Imports/TowerDefenceAssets/Prefabs/Guns using Guid(bc651372f0f393d4ebce5112d87399ce) Importer(2089858483,0ecaa5967403d082aa24f35e1b516d23)  -> (artifact id: 'a03a8311fb23a622ac6b7e41b9eff85e') in 0.027977 seconds
Number of updated asset objects reloaded before import = 0
Number of asset objects unloaded after import = 1
========================================================================
Received Import Request.
  Time since last request: 0.000870 seconds.
  path: Assets/Materials/Black.mat
  artifactKey: Guid(229ece4ec9daf144093f58e93205181a) Importer(2089858483,0ecaa5967403d082aa24f35e1b516d23)
Start importing Assets/Materials/Black.mat using Guid(229ece4ec9daf144093f58e93205181a) Importer(2089858483,0ecaa5967403d082aa24f35e1b516d23)  -> (artifact id: 'f3a9e35d76c157a3cf6e2bf4a36d4be5') in 0.045162 seconds
Number of updated asset objects reloaded before import = 0
Number of asset objects unloaded after import = 1
========================================================================
Received Import Request.
  Time since last request: 0.000037 seconds.
  path: Assets/Parkgarage/Prefabs/machines
  artifactKey: Guid(3c3bf254db9d4f94cb7fc83ddd50109f) Importer(2089858483,0ecaa5967403d082aa24f35e1b516d23)
Start importing Assets/Parkgarage/Prefabs/machines using Guid(3c3bf254db9d4f94cb7fc83ddd50109f) Importer(2089858483,0ecaa5967403d082aa24f35e1b516d23)  -> (artifact id: '489e55dcfe5e223f2b2e13d4d83084e3') in 0.037419 seconds
Number of updated asset objects reloaded before import = 0
Number of asset objects unloaded after import = 1
========================================================================
Received Import Request.
  Time since last request: 0.001198 seconds.
  path: Assets/Parkgarage/Prefabs/parkgarage/Materials/Poles.mat
  artifactKey: Guid(d31bb018f8e72b447b3511fbd13ed771) Importer(2089858483,0ecaa5967403d082aa24f35e1b516d23)
Start importing Assets/Parkgarage/Prefabs/parkgarage/Materials/Poles.mat using Guid(d31bb018f8e72b447b3511fbd13ed771) Importer(2089858483,0ecaa5967403d082aa24f35e1b516d23)  -> (artifact id: 'adfcc94e6f5cd444001838e5c1b5824e') in 0.039911 seconds
Number of updated asset objects reloaded before import = 0
Number of asset objects unloaded after import = 2
========================================================================
Received Import Request.
  Time since last request: 0.000048 seconds.
  path: Assets/Kevin Iglesias/Zombie Animations/Model
  artifactKey: Guid(8cb293e1d8bcf2b408d17d9877a36907) Importer(2089858483,0ecaa5967403d082aa24f35e1b516d23)
Start importing Assets/Kevin Iglesias/Zombie Animations/Model using Guid(8cb293e1d8bcf2b408d17d9877a36907) Importer(2089858483,0ecaa5967403d082aa24f35e1b516d23)  -> (artifact id: '0d21c36afa343d1cc6de70f00421eda0') in 0.039041 seconds
Number of updated asset objects reloaded before import = 0
Number of asset objects unloaded after import = 1
========================================================================
Received Import Request.
  Time since last request: 0.000045 seconds.
  path: Assets/Kevin Iglesias/Zombie Animations/Model/ZombieModel.fbx
  artifactKey: Guid(0112b3ddf6b69f148b600356eb9c21a3) Importer(2089858483,0ecaa5967403d082aa24f35e1b516d23)
Start importing Assets/Kevin Iglesias/Zombie Animations/Model/ZombieModel.fbx using Guid(0112b3ddf6b69f148b600356eb9c21a3) Importer(2089858483,0ecaa5967403d082aa24f35e1b516d23)  -> (artifact id: '4a74194a128e5068e6d7b7e30b383c43') in 0.146001 seconds
Number of updated asset objects reloaded before import = 0
Number of asset objects unloaded after import = 136
========================================================================
Received Import Request.
  Time since last request: 0.000057 seconds.
  path: Assets/Kevin Iglesias/Zombie Animations/AnimatorControllers
  artifactKey: Guid(fb1cb3c394c25264f977bf244205bf87) Importer(2089858483,0ecaa5967403d082aa24f35e1b516d23)
Start importing Assets/Kevin Iglesias/Zombie Animations/AnimatorControllers using Guid(fb1cb3c394c25264f977bf244205bf87) Importer(2089858483,0ecaa5967403d082aa24f35e1b516d23)  -> (artifact id: '661fce077847b7f904aac734e6159e3b') in 0.022498 seconds
Number of updated asset objects reloaded before import = 0
Number of asset objects unloaded after import = 1
========================================================================
Received Import Request.
  Time since last request: 0.000781 seconds.
  path: Assets/Little_GhostLP(FREE)/Texture/Hat
  artifactKey: Guid(3847907843333b545ae84538bd423bf9) Importer(2089858483,0ecaa5967403d082aa24f35e1b516d23)
Start importing Assets/Little_GhostLP(FREE)/Texture/Hat using Guid(3847907843333b545ae84538bd423bf9) Importer(2089858483,0ecaa5967403d082aa24f35e1b516d23)  -> (artifact id: '7036a27a7098b248f76af06bf7819b5f') in 0.032707 seconds
Number of updated asset objects reloaded before import = 0
Number of asset objects unloaded after import = 1
========================================================================
Received Import Request.
  Time since last request: 0.000709 seconds.
  path: Assets/Parkgarage/Prefabs/machines/Materials/Machine.mat
  artifactKey: Guid(45c70b2cdeae8da47b9b4d5c2543c3aa) Importer(2089858483,0ecaa5967403d082aa24f35e1b516d23)
Start importing Assets/Parkgarage/Prefabs/machines/Materials/Machine.mat using Guid(45c70b2cdeae8da47b9b4d5c2543c3aa) Importer(2089858483,0ecaa5967403d082aa24f35e1b516d23)  -> (artifact id: 'ea5b81a696be9fbd005e75fdbb3c1fd9') in 0.061111 seconds
Number of updated asset objects reloaded before import = 0
Number of asset objects unloaded after import = 2
========================================================================
Received Import Request.
  Time since last request: 0.000028 seconds.
  path: Assets/Imports/Zombie Cartoon/Demo.unity
  artifactKey: Guid(d37f0674afb63ee4b86700ba77904b6c) Importer(2089858483,0ecaa5967403d082aa24f35e1b516d23)
Start importing Assets/Imports/Zombie Cartoon/Demo.unity using Guid(d37f0674afb63ee4b86700ba77904b6c) Importer(2089858483,0ecaa5967403d082aa24f35e1b516d23)  -> (artifact id: '8738618b0836527ba3c405a3ae7e3941') in 0.022655 seconds
Number of updated asset objects reloaded before import = 0
Number of asset objects unloaded after import = 1
========================================================================
Received Import Request.
  Time since last request: 0.000047 seconds.
  path: Assets/Imports/TowerDefenceAssets/Materials/overViewScene/SceneGroundMat.mat
  artifactKey: Guid(c32dc0df19590ea4ab38c7778a208194) Importer(2089858483,0ecaa5967403d082aa24f35e1b516d23)
Start importing Assets/Imports/TowerDefenceAssets/Materials/overViewScene/SceneGroundMat.mat using Guid(c32dc0df19590ea4ab38c7778a208194) Importer(2089858483,0ecaa5967403d082aa24f35e1b516d23)  -> (artifact id: '5b4acb54ffa63f5946b3aee303799cfd') in 0.056425 seconds
Number of updated asset objects reloaded before import = 0
Number of asset objects unloaded after import = 1
========================================================================
Received Import Request.
  Time since last request: 0.000036 seconds.
  path: Assets/SkySeries Freebie/ExampleScenes/DayInTheClouds.unity
  artifactKey: Guid(2634e102100bcf64ca81587c175efa45) Importer(2089858483,0ecaa5967403d082aa24f35e1b516d23)
Start importing Assets/SkySeries Freebie/ExampleScenes/DayInTheClouds.unity using Guid(2634e102100bcf64ca81587c175efa45) Importer(2089858483,0ecaa5967403d082aa24f35e1b516d23)  -> (artifact id: '49b95ca38abf09b98f53354fb6e0661d') in 0.026972 seconds
Number of updated asset objects reloaded before import = 0
Number of asset objects unloaded after import = 1
========================================================================
Received Import Request.
  Time since last request: 0.000085 seconds.
  path: Assets/Parkgarage/Prefabs/widnows/Window_b01
  artifactKey: Guid(4c5cc43b0f907cb42a14047d85400b2c) Importer(2089858483,0ecaa5967403d082aa24f35e1b516d23)
Start importing Assets/Parkgarage/Prefabs/widnows/Window_b01 using Guid(4c5cc43b0f907cb42a14047d85400b2c) Importer(2089858483,0ecaa5967403d082aa24f35e1b516d23)  -> (artifact id: '285accf5fec045a1770a7a40614397ff') in 0.031940 seconds
Number of updated asset objects reloaded before import = 0
Number of asset objects unloaded after import = 1
========================================================================
Received Import Request.
  Time since last request: 0.000414 seconds.
  path: Assets/Imports/European Buildings/Decorations/street_lamp_2.prefab
  artifactKey: Guid(346ebb5e7b6d3a546bef70fe0f461b56) Importer(2089858483,0ecaa5967403d082aa24f35e1b516d23)
Start importing Assets/Imports/European Buildings/Decorations/street_lamp_2.prefab using Guid(346ebb5e7b6d3a546bef70fe0f461b56) Importer(2089858483,0ecaa5967403d082aa24f35e1b516d23)  -> (artifact id: 'e463fcfc90692c640265055590f3a77a') in 0.066973 seconds
Number of updated asset objects reloaded before import = 0
Number of asset objects unloaded after import = 8
========================================================================
Received Import Request.
  Time since last request: 0.000040 seconds.
  path: Assets/Imports/TowerDefenceAssets/Textures
  artifactKey: Guid(da88efb8781871746ab6f05deaba98da) Importer(2089858483,0ecaa5967403d082aa24f35e1b516d23)
Start importing Assets/Imports/TowerDefenceAssets/Textures using Guid(da88efb8781871746ab6f05deaba98da) Importer(2089858483,0ecaa5967403d082aa24f35e1b516d23)  -> (artifact id: '75e5b2daff9914100ff2adbbc541904e') in 0.023746 seconds
Number of updated asset objects reloaded before import = 0
Number of asset objects unloaded after import = 1
========================================================================
Received Import Request.
  Time since last request: 0.006302 seconds.
  path: Assets/Imports/European Buildings/Decorations/table.prefab
  artifactKey: Guid(2b7c37a665e885c40bdc7958b5057e28) Importer(2089858483,0ecaa5967403d082aa24f35e1b516d23)
Start importing Assets/Imports/European Buildings/Decorations/table.prefab using Guid(2b7c37a665e885c40bdc7958b5057e28) Importer(2089858483,0ecaa5967403d082aa24f35e1b516d23)  -> (artifact id: 'b5d9c0aac37d2001e5312e86fd92a676') in 0.160874 seconds
Number of updated asset objects reloaded before import = 0
Number of asset objects unloaded after import = 8
========================================================================
Received Import Request.
  Time since last request: 0.000041 seconds.
  path: Assets/Imports/TowerDefenceAssets/Prefabs/Towers/Tower_1.prefab
  artifactKey: Guid(45f2e3e9e4476cd42984c61e47329833) Importer(2089858483,0ecaa5967403d082aa24f35e1b516d23)
Start importing Assets/Imports/TowerDefenceAssets/Prefabs/Towers/Tower_1.prefab using Guid(45f2e3e9e4476cd42984c61e47329833) Importer(2089858483,0ecaa5967403d082aa24f35e1b516d23)  -> (artifact id: 'b02a5abc2efaf8aed5d6d8641b5e7779') in 0.078082 seconds
Number of updated asset objects reloaded before import = 0
Number of asset objects unloaded after import = 28
========================================================================
Received Import Request.
  Time since last request: 0.000379 seconds.
  path: Assets/Imports/TowerDefenceAssets/Prefabs/Towers/Tower_8.prefab
  artifactKey: Guid(ecd17c2042c0b3e4c98cbdaa8a926a63) Importer(2089858483,0ecaa5967403d082aa24f35e1b516d23)
Start importing Assets/Imports/TowerDefenceAssets/Prefabs/Towers/Tower_8.prefab using Guid(ecd17c2042c0b3e4c98cbdaa8a926a63) Importer(2089858483,0ecaa5967403d082aa24f35e1b516d23)  -> (artifact id: '73cdd2c4bb4848a96a43e10ccc1ceca8') in 0.079853 seconds
Number of updated asset objects reloaded before import = 0
Number of asset objects unloaded after import = 28
========================================================================
Received Import Request.
  Time since last request: 0.000330 seconds.
  path: Assets/Imports/European Buildings/Decorations/sign_1.prefab
  artifactKey: Guid(ebb325d719a290546ba35d4bf5791dec) Importer(2089858483,0ecaa5967403d082aa24f35e1b516d23)
Start importing Assets/Imports/European Buildings/Decorations/sign_1.prefab using Guid(ebb325d719a290546ba35d4bf5791dec) Importer(2089858483,0ecaa5967403d082aa24f35e1b516d23)  -> (artifact id: '2571ac70320039f272fb78fb4af3a8fe') in 0.063434 seconds
Number of updated asset objects reloaded before import = 0
Number of asset objects unloaded after import = 8
========================================================================
Received Import Request.
  Time since last request: 0.000023 seconds.
  path: Assets/Imports/Bublik/Simple Modular Castle Assets/Prefabs/Wooden_Gate.prefab
  artifactKey: Guid(95e1f8e80605eb74e89658e5a939fc08) Importer(2089858483,0ecaa5967403d082aa24f35e1b516d23)
Start importing Assets/Imports/Bublik/Simple Modular Castle Assets/Prefabs/Wooden_Gate.prefab using Guid(95e1f8e80605eb74e89658e5a939fc08) Importer(2089858483,0ecaa5967403d082aa24f35e1b516d23)  -> (artifact id: '22f5d363ddba6f997e61552b87947434') in 0.042861 seconds
Number of updated asset objects reloaded before import = 0
Number of asset objects unloaded after import = 19
========================================================================
Received Import Request.
  Time since last request: 0.000117 seconds.
  path: Assets/Parkgarage/Prefabs/widnows/Materials/Window.mat
  artifactKey: Guid(87d5de20f2d71a24a9dfbcbf0a97516d) Importer(2089858483,0ecaa5967403d082aa24f35e1b516d23)
Start importing Assets/Parkgarage/Prefabs/widnows/Materials/Window.mat using Guid(87d5de20f2d71a24a9dfbcbf0a97516d) Importer(2089858483,0ecaa5967403d082aa24f35e1b516d23)  -> (artifact id: 'b503e03cd80aa33bdec780b62a33fc60') in 0.048756 seconds
Number of updated asset objects reloaded before import = 0
Number of asset objects unloaded after import = 3
========================================================================
Received Import Request.
  Time since last request: 0.000021 seconds.
  path: Assets/Kevin Iglesias/Zombie Animations/Zombie Animations - Example Scene.unity
  artifactKey: Guid(6d745fb1189f4494caa3260bb90c9822) Importer(2089858483,0ecaa5967403d082aa24f35e1b516d23)
Start importing Assets/Kevin Iglesias/Zombie Animations/Zombie Animations - Example Scene.unity using Guid(6d745fb1189f4494caa3260bb90c9822) Importer(2089858483,0ecaa5967403d082aa24f35e1b516d23)  -> (artifact id: '08bdc076e24a549243c2d401d19913a1') in 0.016482 seconds
Number of updated asset objects reloaded before import = 0
Number of asset objects unloaded after import = 1
========================================================================
Received Import Request.
  Time since last request: 0.000041 seconds.
  path: Assets/Simple FPS Controller/Materials/Light-Gray.mat
  artifactKey: Guid(1cd8a45e3760ce04ea823017e868f7f2) Importer(2089858483,0ecaa5967403d082aa24f35e1b516d23)
Start importing Assets/Simple FPS Controller/Materials/Light-Gray.mat using Guid(1cd8a45e3760ce04ea823017e868f7f2) Importer(2089858483,0ecaa5967403d082aa24f35e1b516d23)  -> (artifact id: '99cb29d5fbf50172c7f03ba894ceafd6') in 0.026149 seconds
Number of updated asset objects reloaded before import = 0
Number of asset objects unloaded after import = 1
========================================================================
Received Import Request.
  Time since last request: 0.000020 seconds.
  path: Assets/SkySeries Freebie/MegaSun.mat
  artifactKey: Guid(cede08c9fc471e64884909cd4bbeaf59) Importer(2089858483,0ecaa5967403d082aa24f35e1b516d23)
Start importing Assets/SkySeries Freebie/MegaSun.mat using Guid(cede08c9fc471e64884909cd4bbeaf59) Importer(2089858483,0ecaa5967403d082aa24f35e1b516d23)  -> (artifact id: 'd86204ea90c33a031c5453f66b52fa43') in 0.127241 seconds
Number of updated asset objects reloaded before import = 0
Number of asset objects unloaded after import = 2
========================================================================
Received Import Request.
  Time since last request: 0.000067 seconds.
  path: Assets/Parkgarage/Prefabs/signs/mesh/Materials/checkout_sign.mat
  artifactKey: Guid(715879819ef085447a40010874e4ab66) Importer(2089858483,0ecaa5967403d082aa24f35e1b516d23)
Start importing Assets/Parkgarage/Prefabs/signs/mesh/Materials/checkout_sign.mat using Guid(715879819ef085447a40010874e4ab66) Importer(2089858483,0ecaa5967403d082aa24f35e1b516d23)  -> (artifact id: '07183c2f5e35d403ffe8c82e248d92b5') in 0.048908 seconds
Number of updated asset objects reloaded before import = 0
Number of asset objects unloaded after import = 1
========================================================================
Received Import Request.
  Time since last request: 0.000030 seconds.
  path: Assets/Imports/TowerDefenceAssets/Materials/Demo Scene/Ground.mat
  artifactKey: Guid(69b83ea03e140464cbfc25e2bf3ff0f4) Importer(2089858483,0ecaa5967403d082aa24f35e1b516d23)
Start importing Assets/Imports/TowerDefenceAssets/Materials/Demo Scene/Ground.mat using Guid(69b83ea03e140464cbfc25e2bf3ff0f4) Importer(2089858483,0ecaa5967403d082aa24f35e1b516d23)  -> (artifact id: '7960c6f2e8caacab3e6b1adf271d73b8') in 0.044208 seconds
Number of updated asset objects reloaded before import = 0
Number of asset objects unloaded after import = 1
========================================================================
Received Import Request.
  Time since last request: 0.000044 seconds.
  path: Assets/Imports/European Buildings/Buildings/building_3.prefab
  artifactKey: Guid(8229f963b32dc724c801fafd4a38147d) Importer(2089858483,0ecaa5967403d082aa24f35e1b516d23)
Start importing Assets/Imports/European Buildings/Buildings/building_3.prefab using Guid(8229f963b32dc724c801fafd4a38147d) Importer(2089858483,0ecaa5967403d082aa24f35e1b516d23)  -> (artifact id: 'fb004efc97a368e912dcba5dd553ab58') in 0.033400 seconds
Number of updated asset objects reloaded before import = 0
Number of asset objects unloaded after import = 8
========================================================================
Received Import Request.
  Time since last request: 0.000046 seconds.
  path: Assets/Weapons
  artifactKey: Guid(1a0230d98b15e4b26b1dfc670307dee5) Importer(2089858483,0ecaa5967403d082aa24f35e1b516d23)
Start importing Assets/Weapons using Guid(1a0230d98b15e4b26b1dfc670307dee5) Importer(2089858483,0ecaa5967403d082aa24f35e1b516d23)  -> (artifact id: '3b8f90ced4ec92afd2845c501d069fad') in 0.018390 seconds
Number of updated asset objects reloaded before import = 0
Number of asset objects unloaded after import = 1
========================================================================
Received Import Request.
  Time since last request: 0.000030 seconds.
  path: Assets/Parkgarage/Prefabs/plants/Bush_Prefab.prefab
  artifactKey: Guid(0074fb2f268a16a4c841155dd6357ae9) Importer(2089858483,0ecaa5967403d082aa24f35e1b516d23)
Start importing Assets/Parkgarage/Prefabs/plants/Bush_Prefab.prefab using Guid(0074fb2f268a16a4c841155dd6357ae9) Importer(2089858483,0ecaa5967403d082aa24f35e1b516d23)  -> (artifact id: 'd63225c3a25a40856efbeec1ee05f5ed') in 0.027883 seconds
Number of updated asset objects reloaded before import = 0
Number of asset objects unloaded after import = 8
========================================================================
Received Import Request.
  Time since last request: 0.000030 seconds.
  path: Assets/Parkgarage/Prefabs/plants/mesh
  artifactKey: Guid(9257604b5dac5b048b0483eade4aee84) Importer(2089858483,0ecaa5967403d082aa24f35e1b516d23)
Start importing Assets/Parkgarage/Prefabs/plants/mesh using Guid(9257604b5dac5b048b0483eade4aee84) Importer(2089858483,0ecaa5967403d082aa24f35e1b516d23)  -> (artifact id: '299341bbd9b86a40c94893406960d774') in 0.030120 seconds
Number of updated asset objects reloaded before import = 0
Number of asset objects unloaded after import = 1
========================================================================
Received Import Request.
  Time since last request: 0.000048 seconds.
  path: Assets/Parkgarage/Prefabs/machines/Materials
  artifactKey: Guid(87c8259aec1111e429244eddb5bb07eb) Importer(2089858483,0ecaa5967403d082aa24f35e1b516d23)
Start importing Assets/Parkgarage/Prefabs/machines/Materials using Guid(87c8259aec1111e429244eddb5bb07eb) Importer(2089858483,0ecaa5967403d082aa24f35e1b516d23)  -> (artifact id: '3d94bea8147909c832102516f82f9c9e') in 0.031085 seconds
Number of updated asset objects reloaded before import = 0
Number of asset objects unloaded after import = 1
========================================================================
Received Import Request.
  Time since last request: 0.000639 seconds.
  path: Assets/Prefabs/Enemy 1.prefab
  artifactKey: Guid(8d27a2f95501d244f8f370e38c86007a) Importer(2089858483,0ecaa5967403d082aa24f35e1b516d23)
Start importing Assets/Prefabs/Enemy 1.prefab using Guid(8d27a2f95501d244f8f370e38c86007a) Importer(2089858483,0ecaa5967403d082aa24f35e1b516d23)  -> (artifact id: 'd339ec604c8bc135249ce8fb44b27d78') in 0.033439 seconds
Number of updated asset objects reloaded before import = 0
Number of asset objects unloaded after import = 10
========================================================================
Received Import Request.
  Time since last request: 0.000034 seconds.
  path: Assets/Imports/European Buildings/Decorations/fence_1.prefab
  artifactKey: Guid(dd519f40d3a16084e85023e421a94b6c) Importer(2089858483,0ecaa5967403d082aa24f35e1b516d23)
Start importing Assets/Imports/European Buildings/Decorations/fence_1.prefab using Guid(dd519f40d3a16084e85023e421a94b6c) Importer(2089858483,0ecaa5967403d082aa24f35e1b516d23)  -> (artifact id: '7ea775d67d69c41c44ae2619d5f79892') in 0.061172 seconds
Number of updated asset objects reloaded before import = 0
Number of asset objects unloaded after import = 8
========================================================================
Received Import Request.
  Time since last request: 0.000057 seconds.
  path: Assets/Parkgarage/Prefabs/signs/materials/direction_left.mat
  artifactKey: Guid(b7fbdcc30729c264085723032edc1aa1) Importer(2089858483,0ecaa5967403d082aa24f35e1b516d23)
Start importing Assets/Parkgarage/Prefabs/signs/materials/direction_left.mat using Guid(b7fbdcc30729c264085723032edc1aa1) Importer(2089858483,0ecaa5967403d082aa24f35e1b516d23)  -> (artifact id: '41a60bc7878095e1b7ffbedb12c50f9c') in 0.033864 seconds
Number of updated asset objects reloaded before import = 0
Number of asset objects unloaded after import = 2
========================================================================
Received Prepare
Begin MonoManager ReloadAssembly
- Loaded All Assemblies, in  0.678 seconds
Refreshing native plugins compatible for Editor in 7.74 ms, found 4 plugins.
Native extension for WindowsStandalone target not found
Native extension for WebGL target not found
Mono: successfully reloaded assembly
- Finished resetting the current domain, in  3.916 seconds
Domain Reload Profiling: 4590ms
	BeginReloadAssembly (210ms)
		ExecutionOrderSort (0ms)
		DisableScriptedObjects (7ms)
		BackupInstance (0ms)
		ReleaseScriptingObjects (0ms)
		CreateAndSetChildDomain (54ms)
	RebuildCommonClasses (41ms)
	RebuildNativeTypeToScriptingClass (22ms)
	initialDomainReloadingComplete (56ms)
	LoadAllAssembliesAndSetupDomain (343ms)
		LoadAssemblies (434ms)
		RebuildTransferFunctionScriptingTraits (0ms)
		AnalyzeDomain (21ms)
			TypeCache.Refresh (10ms)
				TypeCache.ScanAssembly (0ms)
			ScanForSourceGeneratedMonoScriptInfo (0ms)
			ResolveRequiredComponents (8ms)
	FinalizeReload (3918ms)
		ReleaseScriptCaches (0ms)
		RebuildScriptCaches (0ms)
		SetupLoadedEditorAssemblies (1057ms)
			LogAssemblyErrors (0ms)
			InitializePlatformSupportModulesInManaged (20ms)
			SetLoadedEditorAssemblies (7ms)
			RefreshPlugins (0ms)
			BeforeProcessingInitializeOnLoad (168ms)
			ProcessInitializeOnLoadAttributes (782ms)
			ProcessInitializeOnLoadMethodAttributes (60ms)
			AfterProcessingInitializeOnLoad (19ms)
			EditorAssembliesLoaded (0ms)
		ExecutionOrderSort2 (0ms)
		AwakeInstancesAfterBackupRestoration (17ms)
Refreshing native plugins compatible for Editor in 11.37 ms, found 4 plugins.
Preloading 0 native plugins for Editor in 0.00 ms.
Unloading 3593 Unused Serialized files (Serialized files now loaded: 0)
Unloading 35 unused Assets / (35.3 KB). Loaded Objects now: 4106.
Memory consumption went from 227.1 MB to 227.1 MB.
Total: 6.096200 ms (FindLiveObjects: 0.805400 ms CreateObjectMapping: 1.074000 ms MarkObjects: 4.049800 ms  DeleteObjects: 0.165500 ms)

Prepare: number of updated asset objects reloaded= 0
AssetImportParameters requested are different than current active one (requested -> active):
  custom:container-demuxer-ogg: 62fdf1f143b41e24485cea50d1cbac27 -> 
  custom:video-codec-MediaFoundation-h265: 746d11721c4dcdbdad8f713fa42b33f4 -> 
  custom:video-decoder-ogg-theora: a1e56fd34408186e4bbccfd4996cb3dc -> 
  custom:framework-win-MediaFoundation: 216162199b28c13a410421893ffa2e32 -> 
  custom:CustomObjectIndexerAttribute: 9a22284fe3817be447336de3de66b15e -> 
  custom:container-demuxer-webm: 4f35f7cbe854078d1ac9338744f61a02 -> 
  custom:container-muxer-webm: aa71ff27fc2769a1b78a27578f13a17b -> 
  custom:video-decoder-webm-vp8: 9c59270c3fd7afecdb556c50c9e8de78 -> 
  custom:SearchIndexIgnoredProperties: e643bd26f0fe6173181afceb89e7c659 -> 
  custom:AudioImporter_EditorPlatform: d09bf68614088b80899f8185d706f6e7 -> 
  custom:video-encoder-webm-vp8: eb34c28f22e8b96e1ab97ce403110664 -> 
  custom:audio-decoder-ogg-vorbis: bf7c407c2cedff20999df2af8eb42d56 -> 
  custom:audio-encoder-webm-vorbis: bf7c407c2cedff20999df2af8eb42d56 -> 
========================================================================
Received Prepare
Begin MonoManager ReloadAssembly
- Loaded All Assemblies, in  0.682 seconds
Refreshing native plugins compatible for Editor in 7.00 ms, found 4 plugins.
Native extension for WindowsStandalone target not found
Native extension for WebGL target not found
Mono: successfully reloaded assembly
- Finished resetting the current domain, in  1.353 seconds
Domain Reload Profiling: 2029ms
	BeginReloadAssembly (216ms)
		ExecutionOrderSort (0ms)
		DisableScriptedObjects (11ms)
		BackupInstance (0ms)
		ReleaseScriptingObjects (0ms)
		CreateAndSetChildDomain (47ms)
	RebuildCommonClasses (50ms)
	RebuildNativeTypeToScriptingClass (14ms)
	initialDomainReloadingComplete (58ms)
	LoadAllAssembliesAndSetupDomain (337ms)
		LoadAssemblies (433ms)
		RebuildTransferFunctionScriptingTraits (0ms)
		AnalyzeDomain (18ms)
			TypeCache.Refresh (7ms)
				TypeCache.ScanAssembly (0ms)
			ScanForSourceGeneratedMonoScriptInfo (0ms)
			ResolveRequiredComponents (8ms)
	FinalizeReload (1353ms)
		ReleaseScriptCaches (0ms)
		RebuildScriptCaches (0ms)
		SetupLoadedEditorAssemblies (490ms)
			LogAssemblyErrors (0ms)
			InitializePlatformSupportModulesInManaged (9ms)
			SetLoadedEditorAssemblies (4ms)
			RefreshPlugins (0ms)
			BeforeProcessingInitializeOnLoad (76ms)
			ProcessInitializeOnLoadAttributes (365ms)
			ProcessInitializeOnLoadMethodAttributes (25ms)
			AfterProcessingInitializeOnLoad (11ms)
			EditorAssembliesLoaded (0ms)
		ExecutionOrderSort2 (0ms)
		AwakeInstancesAfterBackupRestoration (7ms)
Refreshing native plugins compatible for Editor in 7.59 ms, found 4 plugins.
Preloading 0 native plugins for Editor in 0.00 ms.
Unloading 3594 Unused Serialized files (Serialized files now loaded: 0)
Unloading 34 unused Assets / (35.2 KB). Loaded Objects now: 4110.
Memory consumption went from 229.3 MB to 229.3 MB.
Total: 3.601500 ms (FindLiveObjects: 0.343600 ms CreateObjectMapping: 0.314800 ms MarkObjects: 2.816100 ms  DeleteObjects: 0.125500 ms)

Prepare: number of updated asset objects reloaded= 0
AssetImportParameters requested are different than current active one (requested -> active):
  custom:container-demuxer-ogg: 62fdf1f143b41e24485cea50d1cbac27 -> 
  custom:video-codec-MediaFoundation-h265: 746d11721c4dcdbdad8f713fa42b33f4 -> 
  custom:video-decoder-ogg-theora: a1e56fd34408186e4bbccfd4996cb3dc -> 
  custom:framework-win-MediaFoundation: 216162199b28c13a410421893ffa2e32 -> 
  custom:CustomObjectIndexerAttribute: 9a22284fe3817be447336de3de66b15e -> 
  custom:container-demuxer-webm: 4f35f7cbe854078d1ac9338744f61a02 -> 
  custom:container-muxer-webm: aa71ff27fc2769a1b78a27578f13a17b -> 
  custom:video-decoder-webm-vp8: 9c59270c3fd7afecdb556c50c9e8de78 -> 
  custom:SearchIndexIgnoredProperties: e643bd26f0fe6173181afceb89e7c659 -> 
  custom:AudioImporter_EditorPlatform: d09bf68614088b80899f8185d706f6e7 -> 
  custom:video-encoder-webm-vp8: eb34c28f22e8b96e1ab97ce403110664 -> 
  custom:audio-decoder-ogg-vorbis: bf7c407c2cedff20999df2af8eb42d56 -> 
  custom:audio-encoder-webm-vorbis: bf7c407c2cedff20999df2af8eb42d56 -> 
========================================================================
Received Prepare
Begin MonoManager ReloadAssembly
- Loaded All Assemblies, in  0.624 seconds
Refreshing native plugins compatible for Editor in 7.81 ms, found 4 plugins.
Native extension for WindowsStandalone target not found
Native extension for WebGL target not found
Mono: successfully reloaded assembly
- Finished resetting the current domain, in  2.625 seconds
Domain Reload Profiling: 3246ms
	BeginReloadAssembly (200ms)
		ExecutionOrderSort (0ms)
		DisableScriptedObjects (10ms)
		BackupInstance (0ms)
		ReleaseScriptingObjects (0ms)
		CreateAndSetChildDomain (42ms)
	RebuildCommonClasses (42ms)
	RebuildNativeTypeToScriptingClass (15ms)
	initialDomainReloadingComplete (41ms)
	LoadAllAssembliesAndSetupDomain (321ms)
		LoadAssemblies (407ms)
		RebuildTransferFunctionScriptingTraits (0ms)
		AnalyzeDomain (23ms)
			TypeCache.Refresh (10ms)
				TypeCache.ScanAssembly (0ms)
			ScanForSourceGeneratedMonoScriptInfo (0ms)
			ResolveRequiredComponents (8ms)
	FinalizeReload (2627ms)
		ReleaseScriptCaches (0ms)
		RebuildScriptCaches (0ms)
		SetupLoadedEditorAssemblies (1078ms)
			LogAssemblyErrors (0ms)
			InitializePlatformSupportModulesInManaged (22ms)
			SetLoadedEditorAssemblies (8ms)
			RefreshPlugins (0ms)
			BeforeProcessingInitializeOnLoad (155ms)
			ProcessInitializeOnLoadAttributes (809ms)
			ProcessInitializeOnLoadMethodAttributes (65ms)
			AfterProcessingInitializeOnLoad (19ms)
			EditorAssembliesLoaded (0ms)
		ExecutionOrderSort2 (0ms)
		AwakeInstancesAfterBackupRestoration (18ms)
Refreshing native plugins compatible for Editor in 15.86 ms, found 4 plugins.
Preloading 0 native plugins for Editor in 0.00 ms.
Unloading 3594 Unused Serialized files (Serialized files now loaded: 0)
Unloading 34 unused Assets / (35.2 KB). Loaded Objects now: 4114.
Memory consumption went from 231.3 MB to 231.2 MB.
Total: 5.817100 ms (FindLiveObjects: 1.031100 ms CreateObjectMapping: 0.534500 ms MarkObjects: 4.123000 ms  DeleteObjects: 0.126800 ms)

Prepare: number of updated asset objects reloaded= 0
AssetImportParameters requested are different than current active one (requested -> active):
  custom:container-demuxer-ogg: 62fdf1f143b41e24485cea50d1cbac27 -> 
  custom:video-codec-MediaFoundation-h265: 746d11721c4dcdbdad8f713fa42b33f4 -> 
  custom:video-decoder-ogg-theora: a1e56fd34408186e4bbccfd4996cb3dc -> 
  custom:framework-win-MediaFoundation: 216162199b28c13a410421893ffa2e32 -> 
  custom:CustomObjectIndexerAttribute: 9a22284fe3817be447336de3de66b15e -> 
  custom:container-demuxer-webm: 4f35f7cbe854078d1ac9338744f61a02 -> 
  custom:container-muxer-webm: aa71ff27fc2769a1b78a27578f13a17b -> 
  custom:video-decoder-webm-vp8: 9c59270c3fd7afecdb556c50c9e8de78 -> 
  custom:SearchIndexIgnoredProperties: e643bd26f0fe6173181afceb89e7c659 -> 
  custom:AudioImporter_EditorPlatform: d09bf68614088b80899f8185d706f6e7 -> 
  custom:video-encoder-webm-vp8: eb34c28f22e8b96e1ab97ce403110664 -> 
  custom:audio-decoder-ogg-vorbis: bf7c407c2cedff20999df2af8eb42d56 -> 
  custom:audio-encoder-webm-vorbis: bf7c407c2cedff20999df2af8eb42d56 -> 
========================================================================
Received Prepare
Begin MonoManager ReloadAssembly
- Loaded All Assemblies, in  0.632 seconds
Refreshing native plugins compatible for Editor in 6.86 ms, found 4 plugins.
Native extension for WindowsStandalone target not found
Native extension for WebGL target not found
Mono: successfully reloaded assembly
- Finished resetting the current domain, in  2.179 seconds
Domain Reload Profiling: 2807ms
	BeginReloadAssembly (208ms)
		ExecutionOrderSort (0ms)
		DisableScriptedObjects (7ms)
		BackupInstance (0ms)
		ReleaseScriptingObjects (0ms)
		CreateAndSetChildDomain (44ms)
	RebuildCommonClasses (48ms)
	RebuildNativeTypeToScriptingClass (20ms)
	initialDomainReloadingComplete (44ms)
	LoadAllAssembliesAndSetupDomain (307ms)
		LoadAssemblies (400ms)
		RebuildTransferFunctionScriptingTraits (0ms)
		AnalyzeDomain (24ms)
			TypeCache.Refresh (11ms)
				TypeCache.ScanAssembly (0ms)
			ScanForSourceGeneratedMonoScriptInfo (0ms)
			ResolveRequiredComponents (7ms)
	FinalizeReload (2180ms)
		ReleaseScriptCaches (0ms)
		RebuildScriptCaches (0ms)
		SetupLoadedEditorAssemblies (1156ms)
			LogAssemblyErrors (0ms)
			InitializePlatformSupportModulesInManaged (24ms)
			SetLoadedEditorAssemblies (8ms)
			RefreshPlugins (0ms)
			BeforeProcessingInitializeOnLoad (240ms)
			ProcessInitializeOnLoadAttributes (813ms)
			ProcessInitializeOnLoadMethodAttributes (51ms)
			AfterProcessingInitializeOnLoad (20ms)
			EditorAssembliesLoaded (0ms)
		ExecutionOrderSort2 (0ms)
		AwakeInstancesAfterBackupRestoration (15ms)
Refreshing native plugins compatible for Editor in 18.61 ms, found 4 plugins.
Preloading 0 native plugins for Editor in 0.00 ms.
Unloading 3594 Unused Serialized files (Serialized files now loaded: 0)
Unloading 34 unused Assets / (35.2 KB). Loaded Objects now: 4118.
Memory consumption went from 233.2 MB to 233.1 MB.
Total: 5.274000 ms (FindLiveObjects: 0.464000 ms CreateObjectMapping: 0.391800 ms MarkObjects: 4.100700 ms  DeleteObjects: 0.315400 ms)

Prepare: number of updated asset objects reloaded= 0
AssetImportParameters requested are different than current active one (requested -> active):
  custom:container-demuxer-ogg: 62fdf1f143b41e24485cea50d1cbac27 -> 
  custom:video-codec-MediaFoundation-h265: 746d11721c4dcdbdad8f713fa42b33f4 -> 
  custom:video-decoder-ogg-theora: a1e56fd34408186e4bbccfd4996cb3dc -> 
  custom:framework-win-MediaFoundation: 216162199b28c13a410421893ffa2e32 -> 
  custom:CustomObjectIndexerAttribute: 9a22284fe3817be447336de3de66b15e -> 
  custom:container-demuxer-webm: 4f35f7cbe854078d1ac9338744f61a02 -> 
  custom:container-muxer-webm: aa71ff27fc2769a1b78a27578f13a17b -> 
  custom:video-decoder-webm-vp8: 9c59270c3fd7afecdb556c50c9e8de78 -> 
  custom:SearchIndexIgnoredProperties: e643bd26f0fe6173181afceb89e7c659 -> 
  custom:AudioImporter_EditorPlatform: d09bf68614088b80899f8185d706f6e7 -> 
  custom:video-encoder-webm-vp8: eb34c28f22e8b96e1ab97ce403110664 -> 
  custom:audio-decoder-ogg-vorbis: bf7c407c2cedff20999df2af8eb42d56 -> 
  custom:audio-encoder-webm-vorbis: bf7c407c2cedff20999df2af8eb42d56 -> 
========================================================================
Received Prepare
Begin MonoManager ReloadAssembly
- Loaded All Assemblies, in  2.204 seconds
Refreshing native plugins compatible for Editor in 21.29 ms, found 4 plugins.
Native extension for WindowsStandalone target not found
Native extension for WebGL target not found
Mono: successfully reloaded assembly
- Finished resetting the current domain, in  6.490 seconds
Domain Reload Profiling: 8689ms
	BeginReloadAssembly (806ms)
		ExecutionOrderSort (0ms)
		DisableScriptedObjects (47ms)
		BackupInstance (0ms)
		ReleaseScriptingObjects (0ms)
		CreateAndSetChildDomain (207ms)
	RebuildCommonClasses (187ms)
	RebuildNativeTypeToScriptingClass (32ms)
	initialDomainReloadingComplete (93ms)
	LoadAllAssembliesAndSetupDomain (1079ms)
		LoadAssemblies (1336ms)
		RebuildTransferFunctionScriptingTraits (0ms)
		AnalyzeDomain (130ms)
			TypeCache.Refresh (42ms)
				TypeCache.ScanAssembly (2ms)
			ScanForSourceGeneratedMonoScriptInfo (49ms)
			ResolveRequiredComponents (26ms)
	FinalizeReload (6492ms)
		ReleaseScriptCaches (0ms)
		RebuildScriptCaches (0ms)
		SetupLoadedEditorAssemblies (1755ms)
			LogAssemblyErrors (0ms)
			InitializePlatformSupportModulesInManaged (37ms)
			SetLoadedEditorAssemblies (24ms)
			RefreshPlugins (0ms)
			BeforeProcessingInitializeOnLoad (258ms)
			ProcessInitializeOnLoadAttributes (1315ms)
			ProcessInitializeOnLoadMethodAttributes (93ms)
			AfterProcessingInitializeOnLoad (28ms)
			EditorAssembliesLoaded (1ms)
		ExecutionOrderSort2 (0ms)
		AwakeInstancesAfterBackupRestoration (28ms)
Refreshing native plugins compatible for Editor in 43.66 ms, found 4 plugins.
Preloading 0 native plugins for Editor in 0.00 ms.
Unloading 3594 Unused Serialized files (Serialized files now loaded: 0)
Unloading 34 unused Assets / (35.2 KB). Loaded Objects now: 4122.
Memory consumption went from 235.1 MB to 235.1 MB.
Total: 18.931500 ms (FindLiveObjects: 1.286100 ms CreateObjectMapping: 0.951000 ms MarkObjects: 16.370200 ms  DeleteObjects: 0.320000 ms)

Prepare: number of updated asset objects reloaded= 0
AssetImportParameters requested are different than current active one (requested -> active):
  custom:container-demuxer-ogg: 62fdf1f143b41e24485cea50d1cbac27 -> 
  custom:video-codec-MediaFoundation-h265: 746d11721c4dcdbdad8f713fa42b33f4 -> 
  custom:video-decoder-ogg-theora: a1e56fd34408186e4bbccfd4996cb3dc -> 
  custom:framework-win-MediaFoundation: 216162199b28c13a410421893ffa2e32 -> 
  custom:CustomObjectIndexerAttribute: 9a22284fe3817be447336de3de66b15e -> 
  custom:container-demuxer-webm: 4f35f7cbe854078d1ac9338744f61a02 -> 
  custom:container-muxer-webm: aa71ff27fc2769a1b78a27578f13a17b -> 
  custom:video-decoder-webm-vp8: 9c59270c3fd7afecdb556c50c9e8de78 -> 
  custom:SearchIndexIgnoredProperties: e643bd26f0fe6173181afceb89e7c659 -> 
  custom:AudioImporter_EditorPlatform: d09bf68614088b80899f8185d706f6e7 -> 
  custom:video-encoder-webm-vp8: eb34c28f22e8b96e1ab97ce403110664 -> 
  custom:audio-decoder-ogg-vorbis: bf7c407c2cedff20999df2af8eb42d56 -> 
  custom:audio-encoder-webm-vorbis: bf7c407c2cedff20999df2af8eb42d56 -> 
========================================================================
Received Prepare
Begin MonoManager ReloadAssembly
- Loaded All Assemblies, in  1.789 seconds
Refreshing native plugins compatible for Editor in 21.97 ms, found 4 plugins.
Native extension for WindowsStandalone target not found
Native extension for WebGL target not found
Mono: successfully reloaded assembly
- Finished resetting the current domain, in  2.792 seconds
Domain Reload Profiling: 4574ms
	BeginReloadAssembly (735ms)
		ExecutionOrderSort (4ms)
		DisableScriptedObjects (177ms)
		BackupInstance (0ms)
		ReleaseScriptingObjects (0ms)
		CreateAndSetChildDomain (134ms)
	RebuildCommonClasses (98ms)
	RebuildNativeTypeToScriptingClass (36ms)
	initialDomainReloadingComplete (87ms)
	LoadAllAssembliesAndSetupDomain (825ms)
		LoadAssemblies (1106ms)
		RebuildTransferFunctionScriptingTraits (0ms)
		AnalyzeDomain (41ms)
			TypeCache.Refresh (18ms)
				TypeCache.ScanAssembly (0ms)
			ScanForSourceGeneratedMonoScriptInfo (0ms)
			ResolveRequiredComponents (17ms)
	FinalizeReload (2793ms)
		ReleaseScriptCaches (0ms)
		RebuildScriptCaches (0ms)
		SetupLoadedEditorAssemblies (703ms)
			LogAssemblyErrors (0ms)
			InitializePlatformSupportModulesInManaged (14ms)
			SetLoadedEditorAssemblies (5ms)
			RefreshPlugins (0ms)
			BeforeProcessingInitializeOnLoad (135ms)
			ProcessInitializeOnLoadAttributes (491ms)
			ProcessInitializeOnLoadMethodAttributes (38ms)
			AfterProcessingInitializeOnLoad (20ms)
			EditorAssembliesLoaded (0ms)
		ExecutionOrderSort2 (0ms)
		AwakeInstancesAfterBackupRestoration (14ms)
Refreshing native plugins compatible for Editor in 8.26 ms, found 4 plugins.
Preloading 0 native plugins for Editor in 0.00 ms.
Unloading 3594 Unused Serialized files (Serialized files now loaded: 0)
Unloading 34 unused Assets / (35.2 KB). Loaded Objects now: 4126.
Memory consumption went from 237.1 MB to 237.0 MB.
Total: 7.547300 ms (FindLiveObjects: 1.501400 ms CreateObjectMapping: 0.601400 ms MarkObjects: 5.332900 ms  DeleteObjects: 0.110000 ms)

Prepare: number of updated asset objects reloaded= 0
AssetImportParameters requested are different than current active one (requested -> active):
  custom:container-demuxer-ogg: 62fdf1f143b41e24485cea50d1cbac27 -> 
  custom:video-codec-MediaFoundation-h265: 746d11721c4dcdbdad8f713fa42b33f4 -> 
  custom:video-decoder-ogg-theora: a1e56fd34408186e4bbccfd4996cb3dc -> 
  custom:framework-win-MediaFoundation: 216162199b28c13a410421893ffa2e32 -> 
  custom:CustomObjectIndexerAttribute: 9a22284fe3817be447336de3de66b15e -> 
  custom:container-demuxer-webm: 4f35f7cbe854078d1ac9338744f61a02 -> 
  custom:container-muxer-webm: aa71ff27fc2769a1b78a27578f13a17b -> 
  custom:video-decoder-webm-vp8: 9c59270c3fd7afecdb556c50c9e8de78 -> 
  custom:SearchIndexIgnoredProperties: e643bd26f0fe6173181afceb89e7c659 -> 
  custom:AudioImporter_EditorPlatform: d09bf68614088b80899f8185d706f6e7 -> 
  custom:video-encoder-webm-vp8: eb34c28f22e8b96e1ab97ce403110664 -> 
  custom:audio-decoder-ogg-vorbis: bf7c407c2cedff20999df2af8eb42d56 -> 
  custom:audio-encoder-webm-vorbis: bf7c407c2cedff20999df2af8eb42d56 -> 
========================================================================
Received Prepare
Begin MonoManager ReloadAssembly
- Loaded All Assemblies, in  0.742 seconds
Refreshing native plugins compatible for Editor in 9.19 ms, found 4 plugins.
Native extension for WindowsStandalone target not found
Native extension for WebGL target not found
Mono: successfully reloaded assembly
- Finished resetting the current domain, in  2.829 seconds
Domain Reload Profiling: 3565ms
	BeginReloadAssembly (245ms)
		ExecutionOrderSort (0ms)
		DisableScriptedObjects (8ms)
		BackupInstance (0ms)
		ReleaseScriptingObjects (0ms)
		CreateAndSetChildDomain (51ms)
	RebuildCommonClasses (48ms)
	RebuildNativeTypeToScriptingClass (16ms)
	initialDomainReloadingComplete (49ms)
	LoadAllAssembliesAndSetupDomain (377ms)
		LoadAssemblies (497ms)
		RebuildTransferFunctionScriptingTraits (0ms)
		AnalyzeDomain (24ms)
			TypeCache.Refresh (12ms)
				TypeCache.ScanAssembly (0ms)
			ScanForSourceGeneratedMonoScriptInfo (0ms)
			ResolveRequiredComponents (9ms)
	FinalizeReload (2830ms)
		ReleaseScriptCaches (0ms)
		RebuildScriptCaches (0ms)
		SetupLoadedEditorAssemblies (1081ms)
			LogAssemblyErrors (0ms)
			InitializePlatformSupportModulesInManaged (24ms)
			SetLoadedEditorAssemblies (9ms)
			RefreshPlugins (0ms)
			BeforeProcessingInitializeOnLoad (159ms)
			ProcessInitializeOnLoadAttributes (810ms)
			ProcessInitializeOnLoadMethodAttributes (62ms)
			AfterProcessingInitializeOnLoad (17ms)
			EditorAssembliesLoaded (1ms)
		ExecutionOrderSort2 (0ms)
		AwakeInstancesAfterBackupRestoration (18ms)
Refreshing native plugins compatible for Editor in 24.40 ms, found 4 plugins.
Preloading 0 native plugins for Editor in 0.00 ms.
Unloading 3594 Unused Serialized files (Serialized files now loaded: 0)
Unloading 34 unused Assets / (35.3 KB). Loaded Objects now: 4130.
Memory consumption went from 239.0 MB to 238.9 MB.
Total: 8.599100 ms (FindLiveObjects: 0.981800 ms CreateObjectMapping: 1.490300 ms MarkObjects: 6.032900 ms  DeleteObjects: 0.090100 ms)

Prepare: number of updated asset objects reloaded= 0
AssetImportParameters requested are different than current active one (requested -> active):
  custom:container-demuxer-ogg: 62fdf1f143b41e24485cea50d1cbac27 -> 
  custom:video-codec-MediaFoundation-h265: 746d11721c4dcdbdad8f713fa42b33f4 -> 
  custom:video-decoder-ogg-theora: a1e56fd34408186e4bbccfd4996cb3dc -> 
  custom:framework-win-MediaFoundation: 216162199b28c13a410421893ffa2e32 -> 
  custom:CustomObjectIndexerAttribute: 9a22284fe3817be447336de3de66b15e -> 
  custom:container-demuxer-webm: 4f35f7cbe854078d1ac9338744f61a02 -> 
  custom:container-muxer-webm: aa71ff27fc2769a1b78a27578f13a17b -> 
  custom:video-decoder-webm-vp8: 9c59270c3fd7afecdb556c50c9e8de78 -> 
  custom:SearchIndexIgnoredProperties: e643bd26f0fe6173181afceb89e7c659 -> 
  custom:AudioImporter_EditorPlatform: d09bf68614088b80899f8185d706f6e7 -> 
  custom:video-encoder-webm-vp8: eb34c28f22e8b96e1ab97ce403110664 -> 
  custom:audio-decoder-ogg-vorbis: bf7c407c2cedff20999df2af8eb42d56 -> 
  custom:audio-encoder-webm-vorbis: bf7c407c2cedff20999df2af8eb42d56 -> 
========================================================================
Received Prepare
Begin MonoManager ReloadAssembly
- Loaded All Assemblies, in  0.898 seconds
Refreshing native plugins compatible for Editor in 12.28 ms, found 4 plugins.
Native extension for WindowsStandalone target not found
Native extension for WebGL target not found
Mono: successfully reloaded assembly
- Finished resetting the current domain, in  4.763 seconds
Domain Reload Profiling: 5659ms
	BeginReloadAssembly (292ms)
		ExecutionOrderSort (0ms)
		DisableScriptedObjects (9ms)
		BackupInstance (0ms)
		ReleaseScriptingObjects (0ms)
		CreateAndSetChildDomain (67ms)
	RebuildCommonClasses (75ms)
	RebuildNativeTypeToScriptingClass (18ms)
	initialDomainReloadingComplete (49ms)
	LoadAllAssembliesAndSetupDomain (459ms)
		LoadAssemblies (593ms)
		RebuildTransferFunctionScriptingTraits (0ms)
		AnalyzeDomain (33ms)
			TypeCache.Refresh (13ms)
				TypeCache.ScanAssembly (0ms)
			ScanForSourceGeneratedMonoScriptInfo (0ms)
			ResolveRequiredComponents (16ms)
	FinalizeReload (4767ms)
		ReleaseScriptCaches (0ms)
		RebuildScriptCaches (0ms)
		SetupLoadedEditorAssemblies (1457ms)
			LogAssemblyErrors (0ms)
			InitializePlatformSupportModulesInManaged (29ms)
			SetLoadedEditorAssemblies (9ms)
			RefreshPlugins (0ms)
			BeforeProcessingInitializeOnLoad (205ms)
			ProcessInitializeOnLoadAttributes (1099ms)
			ProcessInitializeOnLoadMethodAttributes (85ms)
			AfterProcessingInitializeOnLoad (28ms)
			EditorAssembliesLoaded (1ms)
		ExecutionOrderSort2 (0ms)
		AwakeInstancesAfterBackupRestoration (20ms)
Refreshing native plugins compatible for Editor in 14.53 ms, found 4 plugins.
Preloading 0 native plugins for Editor in 0.00 ms.
Unloading 3594 Unused Serialized files (Serialized files now loaded: 0)
Unloading 34 unused Assets / (35.2 KB). Loaded Objects now: 4134.
Memory consumption went from 240.9 MB to 240.9 MB.
Total: 12.448100 ms (FindLiveObjects: 0.749900 ms CreateObjectMapping: 1.793100 ms MarkObjects: 9.744600 ms  DeleteObjects: 0.157300 ms)

Prepare: number of updated asset objects reloaded= 0
AssetImportParameters requested are different than current active one (requested -> active):
  custom:container-demuxer-ogg: 62fdf1f143b41e24485cea50d1cbac27 -> 
  custom:video-codec-MediaFoundation-h265: 746d11721c4dcdbdad8f713fa42b33f4 -> 
  custom:video-decoder-ogg-theora: a1e56fd34408186e4bbccfd4996cb3dc -> 
  custom:framework-win-MediaFoundation: 216162199b28c13a410421893ffa2e32 -> 
  custom:CustomObjectIndexerAttribute: 9a22284fe3817be447336de3de66b15e -> 
  custom:container-demuxer-webm: 4f35f7cbe854078d1ac9338744f61a02 -> 
  custom:container-muxer-webm: aa71ff27fc2769a1b78a27578f13a17b -> 
  custom:video-decoder-webm-vp8: 9c59270c3fd7afecdb556c50c9e8de78 -> 
  custom:SearchIndexIgnoredProperties: e643bd26f0fe6173181afceb89e7c659 -> 
  custom:AudioImporter_EditorPlatform: d09bf68614088b80899f8185d706f6e7 -> 
  custom:video-encoder-webm-vp8: eb34c28f22e8b96e1ab97ce403110664 -> 
  custom:audio-decoder-ogg-vorbis: bf7c407c2cedff20999df2af8eb42d56 -> 
  custom:audio-encoder-webm-vorbis: bf7c407c2cedff20999df2af8eb42d56 -> 
========================================================================
Received Import Request.
  Time since last request: 669.271347 seconds.
  path: Assets/Parkgarage/Prefabs/bench/Bench_prefab.prefab
  artifactKey: Guid(fbe112bdc99828c48a4978b097599e46) Importer(815301076,1909f56bfc062723c751e8b465ee728b)
Start importing Assets/Parkgarage/Prefabs/bench/Bench_prefab.prefab using Guid(fbe112bdc99828c48a4978b097599e46) Importer(815301076,1909f56bfc062723c751e8b465ee728b)  -> (artifact id: 'a4c5445c540775c12d424da5ee8ee288') in 0.541621 seconds
Number of updated asset objects reloaded before import = 0
Number of asset objects unloaded after import = 16
========================================================================
Received Import Request.
  Time since last request: 0.000045 seconds.
  path: Assets/Parkgarage/Prefabs/signs/Direction_right_sign_prefab.prefab
  artifactKey: Guid(baa76a2e268a14b4287c74d4bf99b447) Importer(815301076,1909f56bfc062723c751e8b465ee728b)
Start importing Assets/Parkgarage/Prefabs/signs/Direction_right_sign_prefab.prefab using Guid(baa76a2e268a14b4287c74d4bf99b447) Importer(815301076,1909f56bfc062723c751e8b465ee728b)  -> (artifact id: 'c7f8aaf3d4740f7c0a0637fb9f50a42f') in 0.067701 seconds
Number of updated asset objects reloaded before import = 0
Number of asset objects unloaded after import = 14
========================================================================
Received Import Request.
  Time since last request: 0.000054 seconds.
  path: Assets/Parkgarage/Prefabs/doors/Door_0.1_prefab.prefab
  artifactKey: Guid(6675e7cdcc0e6fb44a2500a0334aebf2) Importer(815301076,1909f56bfc062723c751e8b465ee728b)
Start importing Assets/Parkgarage/Prefabs/doors/Door_0.1_prefab.prefab using Guid(6675e7cdcc0e6fb44a2500a0334aebf2) Importer(815301076,1909f56bfc062723c751e8b465ee728b)  -> (artifact id: 'e3546e827eb265543ee83e2576e73d14') in 0.124508 seconds
Number of updated asset objects reloaded before import = 0
Number of asset objects unloaded after import = 41
========================================================================
Received Import Request.
  Time since last request: 0.000034 seconds.
  path: Assets/Parkgarage/Prefabs/signs/Direction_left_sign_prefab.prefab
  artifactKey: Guid(74eea36b73814954fa8faeef4139a3c3) Importer(815301076,1909f56bfc062723c751e8b465ee728b)
Start importing Assets/Parkgarage/Prefabs/signs/Direction_left_sign_prefab.prefab using Guid(74eea36b73814954fa8faeef4139a3c3) Importer(815301076,1909f56bfc062723c751e8b465ee728b)  -> (artifact id: '36fdaebb890b1d903e5c3a3cf6b003d8') in 0.070622 seconds
Number of updated asset objects reloaded before import = 0
Number of asset objects unloaded after import = 14
========================================================================
Received Import Request.
  Time since last request: 0.000060 seconds.
  path: Assets/Parkgarage/Parkgarage_prefab.prefab
  artifactKey: Guid(fbdc15967ab215741a7fe3d32e0049e2) Importer(815301076,1909f56bfc062723c751e8b465ee728b)
Start importing Assets/Parkgarage/Parkgarage_prefab.prefab using Guid(fbdc15967ab215741a7fe3d32e0049e2) Importer(815301076,1909f56bfc062723c751e8b465ee728b)  -> (artifact id: '50a45b5fc960d77a665fad60f5791ad1') in 1.911073 seconds
Number of updated asset objects reloaded before import = 0
Number of asset objects unloaded after import = 5745
========================================================================
Received Prepare
Begin MonoManager ReloadAssembly
- Loaded All Assemblies, in  1.407 seconds
Refreshing native plugins compatible for Editor in 22.89 ms, found 4 plugins.
Native extension for WindowsStandalone target not found
Native extension for WebGL target not found
Mono: successfully reloaded assembly
- Finished resetting the current domain, in  5.313 seconds
Domain Reload Profiling: 6709ms
	BeginReloadAssembly (424ms)
		ExecutionOrderSort (0ms)
		DisableScriptedObjects (12ms)
		BackupInstance (0ms)
		ReleaseScriptingObjects (0ms)
		CreateAndSetChildDomain (103ms)
	RebuildCommonClasses (98ms)
	RebuildNativeTypeToScriptingClass (31ms)
	initialDomainReloadingComplete (141ms)
	LoadAllAssembliesAndSetupDomain (702ms)
		LoadAssemblies (877ms)
		RebuildTransferFunctionScriptingTraits (0ms)
		AnalyzeDomain (71ms)
			TypeCache.Refresh (26ms)
				TypeCache.ScanAssembly (0ms)
			ScanForSourceGeneratedMonoScriptInfo (3ms)
			ResolveRequiredComponents (29ms)
	FinalizeReload (5314ms)
		ReleaseScriptCaches (0ms)
		RebuildScriptCaches (0ms)
		SetupLoadedEditorAssemblies (1611ms)
			LogAssemblyErrors (0ms)
			InitializePlatformSupportModulesInManaged (33ms)
			SetLoadedEditorAssemblies (13ms)
			RefreshPlugins (0ms)
			BeforeProcessingInitializeOnLoad (253ms)
			ProcessInitializeOnLoadAttributes (1189ms)
			ProcessInitializeOnLoadMethodAttributes (93ms)
			AfterProcessingInitializeOnLoad (29ms)
			EditorAssembliesLoaded (1ms)
		ExecutionOrderSort2 (0ms)
		AwakeInstancesAfterBackupRestoration (26ms)
Refreshing native plugins compatible for Editor in 24.31 ms, found 4 plugins.
Preloading 0 native plugins for Editor in 0.00 ms.
Unloading 3593 Unused Serialized files (Serialized files now loaded: 0)
Unloading 34 unused Assets / (35.3 KB). Loaded Objects now: 4138.
Memory consumption went from 243.9 MB to 243.9 MB.
Total: 9.204100 ms (FindLiveObjects: 0.735100 ms CreateObjectMapping: 0.850900 ms MarkObjects: 7.436100 ms  DeleteObjects: 0.180100 ms)

Prepare: number of updated asset objects reloaded= 0
AssetImportParameters requested are different than current active one (requested -> active):
  custom:container-demuxer-ogg: 62fdf1f143b41e24485cea50d1cbac27 -> 
  custom:video-codec-MediaFoundation-h265: 746d11721c4dcdbdad8f713fa42b33f4 -> 
  custom:video-decoder-ogg-theora: a1e56fd34408186e4bbccfd4996cb3dc -> 
  custom:framework-win-MediaFoundation: 216162199b28c13a410421893ffa2e32 -> 
  custom:CustomObjectIndexerAttribute: 9a22284fe3817be447336de3de66b15e -> 
  custom:container-demuxer-webm: 4f35f7cbe854078d1ac9338744f61a02 -> 
  custom:container-muxer-webm: aa71ff27fc2769a1b78a27578f13a17b -> 
  custom:video-decoder-webm-vp8: 9c59270c3fd7afecdb556c50c9e8de78 -> 
  custom:SearchIndexIgnoredProperties: e643bd26f0fe6173181afceb89e7c659 -> 
  custom:AudioImporter_EditorPlatform: d09bf68614088b80899f8185d706f6e7 -> 
  custom:video-encoder-webm-vp8: eb34c28f22e8b96e1ab97ce403110664 -> 
  custom:audio-decoder-ogg-vorbis: bf7c407c2cedff20999df2af8eb42d56 -> 
  custom:audio-encoder-webm-vorbis: bf7c407c2cedff20999df2af8eb42d56 -> 
