Using pre-set license
Built from '2022.3/staging' branch; Version is '2022.3.23f1 (dbb3f7c5b5c6) revision 14398455'; Using compiler version '192829333'; Build Type 'Release'
OS: 'Windows 11  (10.0.26200) 64bit Core' Language: 'ja' Physical Memory: 8061 MB
BatchMode: 1, IsHumanControllingUs: 0, StartBugReporterOnCrash: 0, Is64bit: 1, IsPro: 1

COMMAND LINE ARGUMENTS:
C:\Program Files\Unity\Hub\Editor\2022.3.23f1\Editor\Unity.exe
-adb2
-batchMode
-noUpm
-name
AssetImportWorker0
-projectPath
C:/Users/yuuic/Desktop/UnityProjects/FPS
-logFile
Logs/AssetImportWorker0.log
-srvPort
61263
Successfully changed project path to: C:/Users/yuuic/Desktop/UnityProjects/FPS
C:/Users/yuuic/Desktop/UnityProjects/FPS
[UnityMemory] Configuration Parameters - Can be set up in boot.config
    "memorysetup-bucket-allocator-granularity=16"
    "memorysetup-bucket-allocator-bucket-count=8"
    "memorysetup-bucket-allocator-block-size=33554432"
    "memorysetup-bucket-allocator-block-count=8"
    "memorysetup-main-allocator-block-size=16777216"
    "memorysetup-thread-allocator-block-size=16777216"
    "memorysetup-gfx-main-allocator-block-size=16777216"
    "memorysetup-gfx-thread-allocator-block-size=16777216"
    "memorysetup-cache-allocator-block-size=4194304"
    "memorysetup-typetree-allocator-block-size=2097152"
    "memorysetup-profiler-bucket-allocator-granularity=16"
    "memorysetup-profiler-bucket-allocator-bucket-count=8"
    "memorysetup-profiler-bucket-allocator-block-size=33554432"
    "memorysetup-profiler-bucket-allocator-block-count=8"
    "memorysetup-profiler-allocator-block-size=16777216"
    "memorysetup-profiler-editor-allocator-block-size=1048576"
    "memorysetup-temp-allocator-size-main=16777216"
    "memorysetup-job-temp-allocator-block-size=2097152"
    "memorysetup-job-temp-allocator-block-size-background=1048576"
    "memorysetup-job-temp-allocator-reduction-small-platforms=262144"
    "memorysetup-allocator-temp-initial-block-size-main=262144"
    "memorysetup-allocator-temp-initial-block-size-worker=262144"
    "memorysetup-temp-allocator-size-background-worker=32768"
    "memorysetup-temp-allocator-size-job-worker=262144"
    "memorysetup-temp-allocator-size-preload-manager=33554432"
    "memorysetup-temp-allocator-size-nav-mesh-worker=65536"
    "memorysetup-temp-allocator-size-audio-worker=65536"
    "memorysetup-temp-allocator-size-cloud-worker=32768"
    "memorysetup-temp-allocator-size-gi-baking-worker=262144"
    "memorysetup-temp-allocator-size-gfx=262144"
Player connection [4692] Host "[IP] 10.5.156.121 [Port] 0 [Flags] 2 [Guid] 4272186458 [EditorId] 4272186458 [Version] 1048832 [Id] WindowsEditor(7,DESKTOP-IMEJO93) [Debug] 1 [PackageName] WindowsEditor [ProjectName] Editor" joined multi-casting on [225.0.0.222:54997]...

Player connection [4692] Host "[IP] 10.5.156.121 [Port] 0 [Flags] 2 [Guid] 4272186458 [EditorId] 4272186458 [Version] 1048832 [Id] WindowsEditor(7,DESKTOP-IMEJO93) [Debug] 1 [PackageName] WindowsEditor [ProjectName] Editor" joined alternative multi-casting on [225.0.0.222:34997]...

[Physics::Module] Initialized MultithreadedJobDispatcher with 7 workers.
Refreshing native plugins compatible for Editor in 63.26 ms, found 4 plugins.
Preloading 0 native plugins for Editor in 0.00 ms.
Initialize engine version: 2022.3.23f1 (dbb3f7c5b5c6)
[Subsystems] Discovering subsystems at path C:/Program Files/Unity/Hub/Editor/2022.3.23f1/Editor/Data/Resources/UnitySubsystems
[Subsystems] Discovering subsystems at path C:/Users/yuuic/Desktop/UnityProjects/FPS/Assets
GfxDevice: creating device client; threaded=0; jobified=0
Direct3D:
    Version:  Direct3D 11.0 [level 11.1]
    Renderer: Intel(R) UHD Graphics (ID=0x9b41)
    Vendor:   Intel
    VRAM:     4030 MB
    Driver:   26.20.100.7323
Initialize mono
Mono path[0] = 'C:/Program Files/Unity/Hub/Editor/2022.3.23f1/Editor/Data/Managed'
Mono path[1] = 'C:/Program Files/Unity/Hub/Editor/2022.3.23f1/Editor/Data/MonoBleedingEdge/lib/mono/unityjit-win32'
Mono config path = 'C:/Program Files/Unity/Hub/Editor/2022.3.23f1/Editor/Data/MonoBleedingEdge/etc'
Using monoOptions --debugger-agent=transport=dt_socket,embedding=1,server=y,suspend=n,address=127.0.0.1:56496
Begin MonoManager ReloadAssembly
Registering precompiled unity dll's ...
Register platform support module: C:/Program Files/Unity/Hub/Editor/2022.3.23f1/Editor/Data/PlaybackEngines/WebGLSupport/UnityEditor.WebGL.Extensions.dll
Register platform support module: C:/Program Files/Unity/Hub/Editor/2022.3.23f1/Editor/Data/PlaybackEngines/WindowsStandaloneSupport/UnityEditor.WindowsStandalone.Extensions.dll
Registered in 0.030401 seconds.
- Loaded All Assemblies, in  1.091 seconds
Native extension for WindowsStandalone target not found
Native extension for WebGL target not found
Mono: successfully reloaded assembly
- Finished resetting the current domain, in  0.818 seconds
Domain Reload Profiling: 1905ms
	BeginReloadAssembly (389ms)
		ExecutionOrderSort (0ms)
		DisableScriptedObjects (0ms)
		BackupInstance (0ms)
		ReleaseScriptingObjects (0ms)
		CreateAndSetChildDomain (2ms)
	RebuildCommonClasses (89ms)
	RebuildNativeTypeToScriptingClass (29ms)
	initialDomainReloadingComplete (160ms)
	LoadAllAssembliesAndSetupDomain (419ms)
		LoadAssemblies (378ms)
		RebuildTransferFunctionScriptingTraits (0ms)
		AnalyzeDomain (414ms)
			TypeCache.Refresh (410ms)
				TypeCache.ScanAssembly (370ms)
			ScanForSourceGeneratedMonoScriptInfo (1ms)
			ResolveRequiredComponents (1ms)
	FinalizeReload (819ms)
		ReleaseScriptCaches (0ms)
		RebuildScriptCaches (0ms)
		SetupLoadedEditorAssemblies (650ms)
			LogAssemblyErrors (0ms)
			InitializePlatformSupportModulesInManaged (33ms)
			SetLoadedEditorAssemblies (19ms)
			RefreshPlugins (0ms)
			BeforeProcessingInitializeOnLoad (7ms)
			ProcessInitializeOnLoadAttributes (463ms)
			ProcessInitializeOnLoadMethodAttributes (128ms)
			AfterProcessingInitializeOnLoad (0ms)
			EditorAssembliesLoaded (0ms)
		ExecutionOrderSort2 (0ms)
		AwakeInstancesAfterBackupRestoration (0ms)
========================================================================
Worker process is ready to serve import requests
Begin MonoManager ReloadAssembly
- Loaded All Assemblies, in  2.084 seconds
Refreshing native plugins compatible for Editor in 11.68 ms, found 4 plugins.
Native extension for WindowsStandalone target not found
Native extension for WebGL target not found
Mono: successfully reloaded assembly
- Finished resetting the current domain, in  1.297 seconds
Domain Reload Profiling: 3373ms
	BeginReloadAssembly (435ms)
		ExecutionOrderSort (0ms)
		DisableScriptedObjects (13ms)
		BackupInstance (0ms)
		ReleaseScriptingObjects (0ms)
		CreateAndSetChildDomain (50ms)
	RebuildCommonClasses (94ms)
	RebuildNativeTypeToScriptingClass (29ms)
	initialDomainReloadingComplete (127ms)
	LoadAllAssembliesAndSetupDomain (1390ms)
		LoadAssemblies (1091ms)
		RebuildTransferFunctionScriptingTraits (0ms)
		AnalyzeDomain (577ms)
			TypeCache.Refresh (525ms)
				TypeCache.ScanAssembly (480ms)
			ScanForSourceGeneratedMonoScriptInfo (35ms)
			ResolveRequiredComponents (10ms)
	FinalizeReload (1298ms)
		ReleaseScriptCaches (0ms)
		RebuildScriptCaches (0ms)
		SetupLoadedEditorAssemblies (1000ms)
			LogAssemblyErrors (0ms)
			InitializePlatformSupportModulesInManaged (19ms)
			SetLoadedEditorAssemblies (8ms)
			RefreshPlugins (0ms)
			BeforeProcessingInitializeOnLoad (113ms)
			ProcessInitializeOnLoadAttributes (810ms)
			ProcessInitializeOnLoadMethodAttributes (36ms)
			AfterProcessingInitializeOnLoad (15ms)
			EditorAssembliesLoaded (0ms)
		ExecutionOrderSort2 (0ms)
		AwakeInstancesAfterBackupRestoration (14ms)
Launched and connected shader compiler UnityShaderCompiler.exe after 0.08 seconds
Refreshing native plugins compatible for Editor in 11.03 ms, found 4 plugins.
Preloading 0 native plugins for Editor in 0.00 ms.
Unloading 3602 Unused Serialized files (Serialized files now loaded: 0)
Unloading 43 unused Assets / (61.5 KB). Loaded Objects now: 4088.
Memory consumption went from 222.7 MB to 222.7 MB.
Total: 5.926000 ms (FindLiveObjects: 0.530800 ms CreateObjectMapping: 0.402000 ms MarkObjects: 4.764600 ms  DeleteObjects: 0.227000 ms)

AssetImportParameters requested are different than current active one (requested -> active):
  custom:container-demuxer-ogg: 62fdf1f143b41e24485cea50d1cbac27 -> 
  custom:video-codec-MediaFoundation-h265: 746d11721c4dcdbdad8f713fa42b33f4 -> 
  custom:video-decoder-ogg-theora: a1e56fd34408186e4bbccfd4996cb3dc -> 
  custom:framework-win-MediaFoundation: 216162199b28c13a410421893ffa2e32 -> 
  custom:CustomObjectIndexerAttribute: 9a22284fe3817be447336de3de66b15e -> 
  custom:container-demuxer-webm: 4f35f7cbe854078d1ac9338744f61a02 -> 
  custom:container-muxer-webm: aa71ff27fc2769a1b78a27578f13a17b -> 
  custom:video-decoder-webm-vp8: 9c59270c3fd7afecdb556c50c9e8de78 -> 
  custom:SearchIndexIgnoredProperties: e643bd26f0fe6173181afceb89e7c659 -> 
  custom:AudioImporter_EditorPlatform: d09bf68614088b80899f8185d706f6e7 -> 
  custom:video-encoder-webm-vp8: eb34c28f22e8b96e1ab97ce403110664 -> 
  custom:audio-decoder-ogg-vorbis: bf7c407c2cedff20999df2af8eb42d56 -> 
  custom:audio-encoder-webm-vorbis: bf7c407c2cedff20999df2af8eb42d56 -> 
========================================================================
Received Import Request.
  Time since last request: 601783.659330 seconds.
  path: Assets/Imports/Zombie Cartoon/Texture/Zombie_Cartoon_01_BaseColor.png
  artifactKey: Guid(160a998f63612494a905a166a907f0e8) Importer(815301076,1909f56bfc062723c751e8b465ee728b)
Start importing Assets/Imports/Zombie Cartoon/Texture/Zombie_Cartoon_01_BaseColor.png using Guid(160a998f63612494a905a166a907f0e8) Importer(815301076,1909f56bfc062723c751e8b465ee728b)  -> (artifact id: '61afaf2ac53fda42a672ee33421cb764') in 0.153219 seconds
Number of updated asset objects reloaded before import = 0
Number of asset objects unloaded after import = 2
========================================================================
Received Import Request.
  Time since last request: 0.000056 seconds.
  path: Assets/Imports/Zombie Cartoon/Material/Zombie_Cartoon_01_Mat.mat
  artifactKey: Guid(a56ca27346824e848a5995c1d09b4223) Importer(815301076,1909f56bfc062723c751e8b465ee728b)
Start importing Assets/Imports/Zombie Cartoon/Material/Zombie_Cartoon_01_Mat.mat using Guid(a56ca27346824e848a5995c1d09b4223) Importer(815301076,1909f56bfc062723c751e8b465ee728b)  -> (artifact id: 'e3efc56671c276200a167ead9ddf5171') in 0.265877 seconds
Number of updated asset objects reloaded before import = 0
Number of asset objects unloaded after import = 4
========================================================================
Received Import Request.
  Time since last request: 11.614901 seconds.
  path: Assets/Scripts/RPGController.cs
  artifactKey: Guid(1b7d288aaa1a2834788c0f12f591b8f2) Importer(2089858483,0ecaa5967403d082aa24f35e1b516d23)
Start importing Assets/Scripts/RPGController.cs using Guid(1b7d288aaa1a2834788c0f12f591b8f2) Importer(2089858483,0ecaa5967403d082aa24f35e1b516d23)  -> (artifact id: '8497101c09c0c3f68f13a337019ab7c3') in 0.220265 seconds
Number of updated asset objects reloaded before import = 0
Number of asset objects unloaded after import = 1
========================================================================
Received Import Request.
  Time since last request: 0.000041 seconds.
  path: Assets/Imports/European Buildings/Buildings/building_7.prefab
  artifactKey: Guid(052d9e2fb5dbfda48a537e0e649e3325) Importer(2089858483,0ecaa5967403d082aa24f35e1b516d23)
Start importing Assets/Imports/European Buildings/Buildings/building_7.prefab using Guid(052d9e2fb5dbfda48a537e0e649e3325) Importer(2089858483,0ecaa5967403d082aa24f35e1b516d23)  -> (artifact id: '2ed30d40c8d9c0320af87d602b11b914') in 0.119105 seconds
Number of updated asset objects reloaded before import = 0
Number of asset objects unloaded after import = 8
========================================================================
Received Import Request.
  Time since last request: 0.000037 seconds.
  path: Assets/Parkgarage/Prefabs/signs/materials/don`t_enter.mat
  artifactKey: Guid(42c504377d8e4ac43aa2c644917a1224) Importer(2089858483,0ecaa5967403d082aa24f35e1b516d23)
Start importing Assets/Parkgarage/Prefabs/signs/materials/don`t_enter.mat using Guid(42c504377d8e4ac43aa2c644917a1224) Importer(2089858483,0ecaa5967403d082aa24f35e1b516d23)  -> (artifact id: '18e357ac6be11781f125180d2d1b7299') in 0.098313 seconds
Number of updated asset objects reloaded before import = 0
Number of asset objects unloaded after import = 2
========================================================================
Received Import Request.
  Time since last request: 0.000117 seconds.
  path: Assets/Little_GhostLP(FREE)/Prefabs/LittleGhost_LP (4).prefab
  artifactKey: Guid(855c90c429434444fbe3ca2b5507ab04) Importer(2089858483,0ecaa5967403d082aa24f35e1b516d23)
Start importing Assets/Little_GhostLP(FREE)/Prefabs/LittleGhost_LP (4).prefab using Guid(855c90c429434444fbe3ca2b5507ab04) Importer(2089858483,0ecaa5967403d082aa24f35e1b516d23)  -> (artifact id: '4b0fba532eefaae107e7110eae16bad1') in 0.087480 seconds
Number of updated asset objects reloaded before import = 0
Number of asset objects unloaded after import = 53
========================================================================
Received Import Request.
  Time since last request: 0.000047 seconds.
  path: Assets/Imports/BigRookGames/_AssetPacks/Stylized Weapon Pack/Stylized Rocket Launcher/Materials/VFX/SmokeMeshUnlit.mat
  artifactKey: Guid(8af5c1045bb692f40b0cee10168564b3) Importer(2089858483,0ecaa5967403d082aa24f35e1b516d23)
Start importing Assets/Imports/BigRookGames/_AssetPacks/Stylized Weapon Pack/Stylized Rocket Launcher/Materials/VFX/SmokeMeshUnlit.mat using Guid(8af5c1045bb692f40b0cee10168564b3) Importer(2089858483,0ecaa5967403d082aa24f35e1b516d23)  -> (artifact id: '267733d753145356198f2bf5d6bf2271') in 0.072495 seconds
Number of updated asset objects reloaded before import = 0
Number of asset objects unloaded after import = 1
========================================================================
Received Import Request.
  Time since last request: 0.000040 seconds.
  path: Assets/Parkgarage/Prefabs/signs/materials/exit_box.mat
  artifactKey: Guid(33f41c39037d5c942ab432a4d1950ea1) Importer(2089858483,0ecaa5967403d082aa24f35e1b516d23)
Start importing Assets/Parkgarage/Prefabs/signs/materials/exit_box.mat using Guid(33f41c39037d5c942ab432a4d1950ea1) Importer(2089858483,0ecaa5967403d082aa24f35e1b516d23)  -> (artifact id: '92ccb56446ccadbf80e04ae2c3c6e127') in 0.069916 seconds
Number of updated asset objects reloaded before import = 0
Number of asset objects unloaded after import = 2
========================================================================
Received Import Request.
  Time since last request: 0.000082 seconds.
  path: Assets/Imports/European Buildings/Decorations/sign_4.prefab
  artifactKey: Guid(135986bb367acc94d89311c1e3f393bd) Importer(2089858483,0ecaa5967403d082aa24f35e1b516d23)
Start importing Assets/Imports/European Buildings/Decorations/sign_4.prefab using Guid(135986bb367acc94d89311c1e3f393bd) Importer(2089858483,0ecaa5967403d082aa24f35e1b516d23)  -> (artifact id: 'c95109fe6eb312eefb92d469f6fcc114') in 0.082447 seconds
Number of updated asset objects reloaded before import = 0
Number of asset objects unloaded after import = 8
========================================================================
Received Import Request.
  Time since last request: 0.000028 seconds.
  path: Assets/Little_GhostLP(FREE)/Prefabs/LittleGhost_LP (1).prefab
  artifactKey: Guid(f6ab88624626d1249bd73bcb4a1c7d59) Importer(2089858483,0ecaa5967403d082aa24f35e1b516d23)
Start importing Assets/Little_GhostLP(FREE)/Prefabs/LittleGhost_LP (1).prefab using Guid(f6ab88624626d1249bd73bcb4a1c7d59) Importer(2089858483,0ecaa5967403d082aa24f35e1b516d23)  -> (artifact id: '9268e75405fa9656b435418d69ae53f6') in 0.050619 seconds
Number of updated asset objects reloaded before import = 0
Number of asset objects unloaded after import = 53
========================================================================
Received Import Request.
  Time since last request: 0.000052 seconds.
  path: Assets/Imports/BigRookGames/_AssetPacks/Stylized Weapon Pack/Stylized Rocket Launcher/Prefabs
  artifactKey: Guid(ca156c5724941124cbebacb46579df11) Importer(2089858483,0ecaa5967403d082aa24f35e1b516d23)
Start importing Assets/Imports/BigRookGames/_AssetPacks/Stylized Weapon Pack/Stylized Rocket Launcher/Prefabs using Guid(ca156c5724941124cbebacb46579df11) Importer(2089858483,0ecaa5967403d082aa24f35e1b516d23)  -> (artifact id: '3473d36b6cebb09ceece9d8ca499cd91') in 0.026516 seconds
Number of updated asset objects reloaded before import = 0
Number of asset objects unloaded after import = 1
========================================================================
Received Import Request.
  Time since last request: 0.000026 seconds.
  path: Assets/Parkgarage/Prefabs/parkgarage/Materials/Window_frames_A.mat
  artifactKey: Guid(895db3506e3664449ac47aed6c58653f) Importer(2089858483,0ecaa5967403d082aa24f35e1b516d23)
Start importing Assets/Parkgarage/Prefabs/parkgarage/Materials/Window_frames_A.mat using Guid(895db3506e3664449ac47aed6c58653f) Importer(2089858483,0ecaa5967403d082aa24f35e1b516d23)  -> (artifact id: 'e9d792bfd3898ad73fe4bb065abb582e') in 0.034653 seconds
Number of updated asset objects reloaded before import = 0
Number of asset objects unloaded after import = 2
========================================================================
Received Import Request.
  Time since last request: 0.000555 seconds.
  path: Assets/Parkgarage/Prefabs/widnows/Window_B02
  artifactKey: Guid(6ca7bd39cfc87a9449e6858631203385) Importer(2089858483,0ecaa5967403d082aa24f35e1b516d23)
Start importing Assets/Parkgarage/Prefabs/widnows/Window_B02 using Guid(6ca7bd39cfc87a9449e6858631203385) Importer(2089858483,0ecaa5967403d082aa24f35e1b516d23)  -> (artifact id: 'f0e24b3df6fa87676dd76ae834093f79') in 0.029142 seconds
Number of updated asset objects reloaded before import = 0
Number of asset objects unloaded after import = 1
========================================================================
Received Import Request.
  Time since last request: 0.000039 seconds.
  path: Assets/Imports/BigRookGames/_AssetPacks/Stylized Weapon Pack/Stylized Rocket Launcher/Materials/VFX/SmokeMeshAdd.mat
  artifactKey: Guid(9122d453a8cd6964a82ba91ae4da8f25) Importer(2089858483,0ecaa5967403d082aa24f35e1b516d23)
Start importing Assets/Imports/BigRookGames/_AssetPacks/Stylized Weapon Pack/Stylized Rocket Launcher/Materials/VFX/SmokeMeshAdd.mat using Guid(9122d453a8cd6964a82ba91ae4da8f25) Importer(2089858483,0ecaa5967403d082aa24f35e1b516d23)  -> (artifact id: 'aabbf3ce6eedf3fa8440c2d33952e445') in 0.057797 seconds
Number of updated asset objects reloaded before import = 0
Number of asset objects unloaded after import = 1
========================================================================
Received Import Request.
  Time since last request: 0.002416 seconds.
  path: Assets/Imports/Bublik/Simple Modular Castle Assets/Materials
  artifactKey: Guid(cfe69789663713841851ec0e58688c60) Importer(2089858483,0ecaa5967403d082aa24f35e1b516d23)
Start importing Assets/Imports/Bublik/Simple Modular Castle Assets/Materials using Guid(cfe69789663713841851ec0e58688c60) Importer(2089858483,0ecaa5967403d082aa24f35e1b516d23)  -> (artifact id: 'cabb32453c91e1d56f4e7a338359f9ee') in 0.029499 seconds
Number of updated asset objects reloaded before import = 0
Number of asset objects unloaded after import = 1
========================================================================
Received Import Request.
  Time since last request: 0.000027 seconds.
  path: Assets/Parkgarage/Prefabs/parkgarage/Materials/Curve.mat
  artifactKey: Guid(82812083eefb8994b9157dc7902791e4) Importer(2089858483,0ecaa5967403d082aa24f35e1b516d23)
Start importing Assets/Parkgarage/Prefabs/parkgarage/Materials/Curve.mat using Guid(82812083eefb8994b9157dc7902791e4) Importer(2089858483,0ecaa5967403d082aa24f35e1b516d23)  -> (artifact id: 'e31f5dfafda2e7b4cdbc12c924eba46b') in 0.038989 seconds
Number of updated asset objects reloaded before import = 0
Number of asset objects unloaded after import = 3
========================================================================
Received Import Request.
  Time since last request: 0.000047 seconds.
  path: Assets/Parkgarage/Prefabs/parkgarage/Materials/stone_railing.mat
  artifactKey: Guid(2e8003748a0b670408401869f6d46d5d) Importer(2089858483,0ecaa5967403d082aa24f35e1b516d23)
Start importing Assets/Parkgarage/Prefabs/parkgarage/Materials/stone_railing.mat using Guid(2e8003748a0b670408401869f6d46d5d) Importer(2089858483,0ecaa5967403d082aa24f35e1b516d23)  -> (artifact id: '0b6104057eddd664f81cd7070109e07f') in 0.042088 seconds
Number of updated asset objects reloaded before import = 0
Number of asset objects unloaded after import = 3
========================================================================
Received Import Request.
  Time since last request: 0.000059 seconds.
  path: Assets/Parkgarage/Prefabs/signs/HighLimit_sign_prefab.prefab
  artifactKey: Guid(8b5cb9b06e19aff43a93ebce7af59e7c) Importer(2089858483,0ecaa5967403d082aa24f35e1b516d23)
Start importing Assets/Parkgarage/Prefabs/signs/HighLimit_sign_prefab.prefab using Guid(8b5cb9b06e19aff43a93ebce7af59e7c) Importer(2089858483,0ecaa5967403d082aa24f35e1b516d23)  -> (artifact id: '7192dda73ef3fa480112b74deb3491bc') in 0.074857 seconds
Number of updated asset objects reloaded before import = 0
Number of asset objects unloaded after import = 10
========================================================================
Received Import Request.
  Time since last request: 0.000045 seconds.
  path: Assets/Imports/European Buildings/Materials/line.mat
  artifactKey: Guid(30b0a3abb18af3448b69df01ed48d99e) Importer(2089858483,0ecaa5967403d082aa24f35e1b516d23)
Start importing Assets/Imports/European Buildings/Materials/line.mat using Guid(30b0a3abb18af3448b69df01ed48d99e) Importer(2089858483,0ecaa5967403d082aa24f35e1b516d23)  -> (artifact id: '0f40247e7a08565e64f7ddaf2f116e73') in 0.043730 seconds
Number of updated asset objects reloaded before import = 0
Number of asset objects unloaded after import = 1
========================================================================
Received Import Request.
  Time since last request: 0.000024 seconds.
  path: Assets/Scripts
  artifactKey: Guid(8c736d0d8777d4a39918f5678ca71320) Importer(2089858483,0ecaa5967403d082aa24f35e1b516d23)
Start importing Assets/Scripts using Guid(8c736d0d8777d4a39918f5678ca71320) Importer(2089858483,0ecaa5967403d082aa24f35e1b516d23)  -> (artifact id: '51a9d90cdd4c41f9f3bc217bcb177c84') in 0.027021 seconds
Number of updated asset objects reloaded before import = 0
Number of asset objects unloaded after import = 1
========================================================================
Received Import Request.
  Time since last request: 0.000216 seconds.
  path: Assets/Parkgarage/Prefabs/lamps/Materials/In.mat
  artifactKey: Guid(a4be31a8cc27c784692565c51f048a23) Importer(2089858483,0ecaa5967403d082aa24f35e1b516d23)
Start importing Assets/Parkgarage/Prefabs/lamps/Materials/In.mat using Guid(a4be31a8cc27c784692565c51f048a23) Importer(2089858483,0ecaa5967403d082aa24f35e1b516d23)  -> (artifact id: '860fc2d17dbcc01d2aab79f433b295b2') in 0.136753 seconds
Number of updated asset objects reloaded before import = 0
Number of asset objects unloaded after import = 1
========================================================================
Received Import Request.
  Time since last request: 0.000047 seconds.
  path: Assets/Imports/TowerDefenceAssets/Prefabs/Towers/Tower_9.prefab
  artifactKey: Guid(1e6dbf72f20a13f4aa6c92562ba87706) Importer(2089858483,0ecaa5967403d082aa24f35e1b516d23)
Start importing Assets/Imports/TowerDefenceAssets/Prefabs/Towers/Tower_9.prefab using Guid(1e6dbf72f20a13f4aa6c92562ba87706) Importer(2089858483,0ecaa5967403d082aa24f35e1b516d23)  -> (artifact id: '9e52048320b9da713afe711d2785f608') in 0.095076 seconds
Number of updated asset objects reloaded before import = 0
Number of asset objects unloaded after import = 28
========================================================================
Received Import Request.
  Time since last request: 0.000440 seconds.
  path: Assets/Imports/BigRookGames/_AssetPacks/Stylized Weapon Pack/Stylized Rocket Launcher/Prefabs/VFX/RocketMuzzle.prefab
  artifactKey: Guid(93a162fc463d2d842a8c25e141618684) Importer(2089858483,0ecaa5967403d082aa24f35e1b516d23)
Start importing Assets/Imports/BigRookGames/_AssetPacks/Stylized Weapon Pack/Stylized Rocket Launcher/Prefabs/VFX/RocketMuzzle.prefab using Guid(93a162fc463d2d842a8c25e141618684) Importer(2089858483,0ecaa5967403d082aa24f35e1b516d23)  -> (artifact id: '7f6c93bb3d835d04ce2ca15dcc177aaa') in 0.323652 seconds
Number of updated asset objects reloaded before import = 0
Number of asset objects unloaded after import = 44
========================================================================
Received Import Request.
  Time since last request: 0.000043 seconds.
  path: Assets/Imports/Zombie Cartoon/Anim/Cam_Anim.anim
  artifactKey: Guid(10d94291ef593c740a213dbdb43a680a) Importer(2089858483,0ecaa5967403d082aa24f35e1b516d23)
Start importing Assets/Imports/Zombie Cartoon/Anim/Cam_Anim.anim using Guid(10d94291ef593c740a213dbdb43a680a) Importer(2089858483,0ecaa5967403d082aa24f35e1b516d23)  -> (artifact id: '181961cde9d8405a21d4d977bed120c3') in 0.093476 seconds
Number of updated asset objects reloaded before import = 0
Number of asset objects unloaded after import = 1
========================================================================
Received Import Request.
  Time since last request: 0.000041 seconds.
  path: Assets/Imports/European Buildings/Materials/accent_3.mat
  artifactKey: Guid(4b558b198ede65e4bb633aad6297fc0b) Importer(2089858483,0ecaa5967403d082aa24f35e1b516d23)
Start importing Assets/Imports/European Buildings/Materials/accent_3.mat using Guid(4b558b198ede65e4bb633aad6297fc0b) Importer(2089858483,0ecaa5967403d082aa24f35e1b516d23)  -> (artifact id: '4063e2329dcf09337039ee8d759e6b71') in 0.038937 seconds
Number of updated asset objects reloaded before import = 0
Number of asset objects unloaded after import = 1
========================================================================
Received Import Request.
  Time since last request: 0.000258 seconds.
  path: Assets/Parkgarage/Prefabs/Tree/texture
  artifactKey: Guid(188c82cc646a6e94eb69023fef15176d) Importer(2089858483,0ecaa5967403d082aa24f35e1b516d23)
Start importing Assets/Parkgarage/Prefabs/Tree/texture using Guid(188c82cc646a6e94eb69023fef15176d) Importer(2089858483,0ecaa5967403d082aa24f35e1b516d23)  -> (artifact id: '21aa6b5410b76275d649b6670d4e006f') in 0.028697 seconds
Number of updated asset objects reloaded before import = 0
Number of asset objects unloaded after import = 1
========================================================================
Received Import Request.
  Time since last request: 0.000042 seconds.
  path: Assets/Imports/Bublik/Simple Modular Castle Assets/Shader Graphs/Toon_HDRP.shadergraph
  artifactKey: Guid(60f684947552ff0499d340919093c40e) Importer(2089858483,0ecaa5967403d082aa24f35e1b516d23)
Start importing Assets/Imports/Bublik/Simple Modular Castle Assets/Shader Graphs/Toon_HDRP.shadergraph using Guid(60f684947552ff0499d340919093c40e) Importer(2089858483,0ecaa5967403d082aa24f35e1b516d23)  -> (artifact id: '1fc7375ba94f692ef8fa2087f09efedf') in 0.027306 seconds
Number of updated asset objects reloaded before import = 0
Number of asset objects unloaded after import = 1
========================================================================
Received Import Request.
  Time since last request: 0.000057 seconds.
  path: Assets/Parkgarage/Prefabs/machines/BattierGate_prefab.prefab
  artifactKey: Guid(7c29ac97a1831bc4a998dd5de54aef5d) Importer(2089858483,0ecaa5967403d082aa24f35e1b516d23)
Start importing Assets/Parkgarage/Prefabs/machines/BattierGate_prefab.prefab using Guid(7c29ac97a1831bc4a998dd5de54aef5d) Importer(2089858483,0ecaa5967403d082aa24f35e1b516d23)  -> (artifact id: '12e2080b3e085712f35adc3ef90a8e1e') in 0.060310 seconds
Number of updated asset objects reloaded before import = 0
Number of asset objects unloaded after import = 25
========================================================================
Received Import Request.
  Time since last request: 0.000091 seconds.
  path: Assets/Parkgarage/Prefabs/parkgarage/Materials/Leaf.mat
  artifactKey: Guid(0399c004ac6951c4dbec0823f9c72319) Importer(2089858483,0ecaa5967403d082aa24f35e1b516d23)
Start importing Assets/Parkgarage/Prefabs/parkgarage/Materials/Leaf.mat using Guid(0399c004ac6951c4dbec0823f9c72319) Importer(2089858483,0ecaa5967403d082aa24f35e1b516d23)  -> (artifact id: 'f0f368aa18faa9deac320ace2505b9ce') in 0.054932 seconds
Number of updated asset objects reloaded before import = 0
Number of asset objects unloaded after import = 1
========================================================================
Received Import Request.
  Time since last request: 0.000097 seconds.
  path: Assets/Imports/Cosmic_Retro_Blasters Pack_1_FREE/Demo_Scene
  artifactKey: Guid(9594c173811961e4c947e804fab2392b) Importer(2089858483,0ecaa5967403d082aa24f35e1b516d23)
Start importing Assets/Imports/Cosmic_Retro_Blasters Pack_1_FREE/Demo_Scene using Guid(9594c173811961e4c947e804fab2392b) Importer(2089858483,0ecaa5967403d082aa24f35e1b516d23)  -> (artifact id: '9e1949e077c649dcb76c99dec03a9a92') in 0.026928 seconds
Number of updated asset objects reloaded before import = 0
Number of asset objects unloaded after import = 1
========================================================================
Received Import Request.
  Time since last request: 0.000242 seconds.
  path: Assets/Imports/European Buildings/Materials/chimney.mat
  artifactKey: Guid(ad194165a3b338446a4039cb63cce58e) Importer(2089858483,0ecaa5967403d082aa24f35e1b516d23)
Start importing Assets/Imports/European Buildings/Materials/chimney.mat using Guid(ad194165a3b338446a4039cb63cce58e) Importer(2089858483,0ecaa5967403d082aa24f35e1b516d23)  -> (artifact id: '051037df956a7cbff69afbb18b5285da') in 0.031009 seconds
Number of updated asset objects reloaded before import = 0
Number of asset objects unloaded after import = 1
========================================================================
Received Import Request.
  Time since last request: 0.000124 seconds.
  path: Assets/Imports/European Buildings
  artifactKey: Guid(02acd4a46c79cf049a08d373b9891c8f) Importer(2089858483,0ecaa5967403d082aa24f35e1b516d23)
Start importing Assets/Imports/European Buildings using Guid(02acd4a46c79cf049a08d373b9891c8f) Importer(2089858483,0ecaa5967403d082aa24f35e1b516d23)  -> (artifact id: 'fa059c16bb97be968fb203c24acc3799') in 0.025084 seconds
Number of updated asset objects reloaded before import = 0
Number of asset objects unloaded after import = 1
========================================================================
Received Import Request.
  Time since last request: 0.000032 seconds.
  path: Assets/Parkgarage/Prefabs/doors/Materials/Frame.mat
  artifactKey: Guid(fa7efeb8df9074e4c950314846ae8a5b) Importer(2089858483,0ecaa5967403d082aa24f35e1b516d23)
Start importing Assets/Parkgarage/Prefabs/doors/Materials/Frame.mat using Guid(fa7efeb8df9074e4c950314846ae8a5b) Importer(2089858483,0ecaa5967403d082aa24f35e1b516d23)  -> (artifact id: 'f1cca7041f1f726819dfdf9a664b2e65') in 0.093080 seconds
Number of updated asset objects reloaded before import = 0
Number of asset objects unloaded after import = 3
========================================================================
Received Import Request.
  Time since last request: 0.000080 seconds.
  path: Assets/Imports/BigRookGames/_AssetPacks/Stylized Weapon Pack/Stylized Rocket Launcher/Materials/VFX/ImpactAdd.mat
  artifactKey: Guid(a7f817bc792fad94db5d6bf706228425) Importer(2089858483,0ecaa5967403d082aa24f35e1b516d23)
Start importing Assets/Imports/BigRookGames/_AssetPacks/Stylized Weapon Pack/Stylized Rocket Launcher/Materials/VFX/ImpactAdd.mat using Guid(a7f817bc792fad94db5d6bf706228425) Importer(2089858483,0ecaa5967403d082aa24f35e1b516d23)  -> (artifact id: '11d2263d4edb0e51f57b92350821441d') in 0.080267 seconds
Number of updated asset objects reloaded before import = 0
Number of asset objects unloaded after import = 2
========================================================================
Received Import Request.
  Time since last request: 0.000039 seconds.
  path: Assets/Imports/TowerDefenceAssets/Scenes/OverViewScene.unity
  artifactKey: Guid(070aeec5d3c16264181060bb3d91b668) Importer(2089858483,0ecaa5967403d082aa24f35e1b516d23)
Start importing Assets/Imports/TowerDefenceAssets/Scenes/OverViewScene.unity using Guid(070aeec5d3c16264181060bb3d91b668) Importer(2089858483,0ecaa5967403d082aa24f35e1b516d23)  -> (artifact id: 'f6078349fed784fd5a5d9980543e8d40') in 0.030389 seconds
Number of updated asset objects reloaded before import = 0
Number of asset objects unloaded after import = 1
========================================================================
Received Import Request.
  Time since last request: 0.000198 seconds.
  path: Assets/Terrain/Layers
  artifactKey: Guid(3fbd53280c3a5164eb470171c8ab39ca) Importer(2089858483,0ecaa5967403d082aa24f35e1b516d23)
Start importing Assets/Terrain/Layers using Guid(3fbd53280c3a5164eb470171c8ab39ca) Importer(2089858483,0ecaa5967403d082aa24f35e1b516d23)  -> (artifact id: 'eb8a112b5056f7fbed01b1f4c4d508b7') in 0.028015 seconds
Number of updated asset objects reloaded before import = 0
Number of asset objects unloaded after import = 1
========================================================================
Received Import Request.
  Time since last request: 0.000053 seconds.
  path: Assets/SkySeries Freebie/ExampleScenes/CasualDay.unity
  artifactKey: Guid(745822b12dae28c44b79ddd800e253e4) Importer(2089858483,0ecaa5967403d082aa24f35e1b516d23)
Start importing Assets/SkySeries Freebie/ExampleScenes/CasualDay.unity using Guid(745822b12dae28c44b79ddd800e253e4) Importer(2089858483,0ecaa5967403d082aa24f35e1b516d23)  -> (artifact id: '0c50d190916faaf63232448c6c73fce4') in 0.025360 seconds
Number of updated asset objects reloaded before import = 0
Number of asset objects unloaded after import = 1
========================================================================
Received Import Request.
  Time since last request: 0.000037 seconds.
  path: Assets/Parkgarage/Prefabs/parkgarage/Materials/Wall_front_in.mat
  artifactKey: Guid(13842d0d0b333b94fbd37a28bf105c85) Importer(2089858483,0ecaa5967403d082aa24f35e1b516d23)
Start importing Assets/Parkgarage/Prefabs/parkgarage/Materials/Wall_front_in.mat using Guid(13842d0d0b333b94fbd37a28bf105c85) Importer(2089858483,0ecaa5967403d082aa24f35e1b516d23)  -> (artifact id: '702b21aa3f5045206093fd99d11e9650') in 0.033197 seconds
Number of updated asset objects reloaded before import = 0
Number of asset objects unloaded after import = 2
========================================================================
Received Import Request.
  Time since last request: 0.000028 seconds.
  path: Assets/SkySeries Freebie/FluffballDay.mat
  artifactKey: Guid(20d4f77b9022eab48b4d94599ed4bf82) Importer(2089858483,0ecaa5967403d082aa24f35e1b516d23)
Start importing Assets/SkySeries Freebie/FluffballDay.mat using Guid(20d4f77b9022eab48b4d94599ed4bf82) Importer(2089858483,0ecaa5967403d082aa24f35e1b516d23)  -> (artifact id: '6cbfd43176a97de71def54a5a7e6bcc0') in 0.171938 seconds
Number of updated asset objects reloaded before import = 0
Number of asset objects unloaded after import = 2
========================================================================
Received Import Request.
  Time since last request: 0.000049 seconds.
  path: Assets/Imports/TowerDefenceAssets/Models/Guns
  artifactKey: Guid(602810cf7303cd1409e4333682c97c2f) Importer(2089858483,0ecaa5967403d082aa24f35e1b516d23)
Start importing Assets/Imports/TowerDefenceAssets/Models/Guns using Guid(602810cf7303cd1409e4333682c97c2f) Importer(2089858483,0ecaa5967403d082aa24f35e1b516d23)  -> (artifact id: '712e2fadac51a393d264a2a06fa91c15') in 0.030008 seconds
Number of updated asset objects reloaded before import = 0
Number of asset objects unloaded after import = 1
========================================================================
Received Import Request.
  Time since last request: 0.000687 seconds.
  path: Assets/Parkgarage/Prefabs/parkgarage/Materials/fence_poles.mat
  artifactKey: Guid(7cc7fe4f6e217c445add06450e3e235d) Importer(2089858483,0ecaa5967403d082aa24f35e1b516d23)
Start importing Assets/Parkgarage/Prefabs/parkgarage/Materials/fence_poles.mat using Guid(7cc7fe4f6e217c445add06450e3e235d) Importer(2089858483,0ecaa5967403d082aa24f35e1b516d23)  -> (artifact id: 'da5c874c82d40bd9e8b13dcccb76f29f') in 0.032886 seconds
Number of updated asset objects reloaded before import = 0
Number of asset objects unloaded after import = 2
========================================================================
Received Import Request.
  Time since last request: 0.000075 seconds.
  path: Assets/Parkgarage/Prefabs/parkgarage/Materials
  artifactKey: Guid(a00edc63393c52745bc53c0691d688f4) Importer(2089858483,0ecaa5967403d082aa24f35e1b516d23)
Start importing Assets/Parkgarage/Prefabs/parkgarage/Materials using Guid(a00edc63393c52745bc53c0691d688f4) Importer(2089858483,0ecaa5967403d082aa24f35e1b516d23)  -> (artifact id: 'ab9fa60e2bb23ab8566a431120424e37') in 0.028800 seconds
Number of updated asset objects reloaded before import = 0
Number of asset objects unloaded after import = 1
========================================================================
Received Import Request.
  Time since last request: 0.000122 seconds.
  path: Assets/Parkgarage/Prefabs/signs/materials/maxHigh.mat
  artifactKey: Guid(edbe116f262c0334c9666a73e4135d16) Importer(2089858483,0ecaa5967403d082aa24f35e1b516d23)
Start importing Assets/Parkgarage/Prefabs/signs/materials/maxHigh.mat using Guid(edbe116f262c0334c9666a73e4135d16) Importer(2089858483,0ecaa5967403d082aa24f35e1b516d23)  -> (artifact id: 'f1e7cf57985d7ec17a3fc90c5f2afbfe') in 0.060483 seconds
Number of updated asset objects reloaded before import = 0
Number of asset objects unloaded after import = 2
========================================================================
Received Import Request.
  Time since last request: 0.000054 seconds.
  path: Assets/Imports/BigRookGames/_AssetPacks/Stylized Weapon Pack/Stylized Rocket Launcher/Materials/VFX/BigFlashHDRAdd.mat
  artifactKey: Guid(11062cdefd052ef41b4809d17b89c715) Importer(2089858483,0ecaa5967403d082aa24f35e1b516d23)
Start importing Assets/Imports/BigRookGames/_AssetPacks/Stylized Weapon Pack/Stylized Rocket Launcher/Materials/VFX/BigFlashHDRAdd.mat using Guid(11062cdefd052ef41b4809d17b89c715) Importer(2089858483,0ecaa5967403d082aa24f35e1b516d23)  -> (artifact id: 'bee33471699562296152351791807c71') in 0.072359 seconds
Number of updated asset objects reloaded before import = 0
Number of asset objects unloaded after import = 2
========================================================================
Received Import Request.
  Time since last request: 0.000084 seconds.
  path: Assets/Imports/European Buildings/Materials/stairs_1.mat
  artifactKey: Guid(2057438fc521e1d47aa1059b39f1734e) Importer(2089858483,0ecaa5967403d082aa24f35e1b516d23)
Start importing Assets/Imports/European Buildings/Materials/stairs_1.mat using Guid(2057438fc521e1d47aa1059b39f1734e) Importer(2089858483,0ecaa5967403d082aa24f35e1b516d23)  -> (artifact id: '55977789050f3e5cca6fc8ebeea0fe0e') in 0.031325 seconds
Number of updated asset objects reloaded before import = 0
Number of asset objects unloaded after import = 1
========================================================================
Received Import Request.
  Time since last request: 0.000056 seconds.
  path: Assets/Imports/European Buildings/Materials/window_accent_1.mat
  artifactKey: Guid(afb73dc68e4523f4d81dabd14bbd18e0) Importer(2089858483,0ecaa5967403d082aa24f35e1b516d23)
Start importing Assets/Imports/European Buildings/Materials/window_accent_1.mat using Guid(afb73dc68e4523f4d81dabd14bbd18e0) Importer(2089858483,0ecaa5967403d082aa24f35e1b516d23)  -> (artifact id: '2fbb2e6fd8eb32f7b9450d677b91a7a1') in 0.029973 seconds
Number of updated asset objects reloaded before import = 0
Number of asset objects unloaded after import = 1
========================================================================
Received Import Request.
  Time since last request: 0.000045 seconds.
  path: Assets/BigRookGames Holder/M4 Scoped Assault Rifle/Audio/clip audio mixer.mixer
  artifactKey: Guid(587aedb20bbaf494eb496195f38a8ab6) Importer(2089858483,0ecaa5967403d082aa24f35e1b516d23)
Start importing Assets/BigRookGames Holder/M4 Scoped Assault Rifle/Audio/clip audio mixer.mixer using Guid(587aedb20bbaf494eb496195f38a8ab6) Importer(2089858483,0ecaa5967403d082aa24f35e1b516d23) Refreshing native plugins compatible for Editor in 25.55 ms, found 4 plugins.
Preloading 0 native plugins for Editor in 0.00 ms.
 -> (artifact id: '629ee5a11678bc4d0772a83c86ee17ea') in 0.083869 seconds
Number of updated asset objects reloaded before import = 0
Number of asset objects unloaded after import = 6
========================================================================
Received Import Request.
  Time since last request: 0.000042 seconds.
  path: Assets/Materials/Blue.mat
  artifactKey: Guid(c4a49c469f5213d4ba0107a48fcde700) Importer(2089858483,0ecaa5967403d082aa24f35e1b516d23)
Start importing Assets/Materials/Blue.mat using Guid(c4a49c469f5213d4ba0107a48fcde700) Importer(2089858483,0ecaa5967403d082aa24f35e1b516d23)  -> (artifact id: '09bac35e9279b84475cd92012b55f303') in 0.045173 seconds
Number of updated asset objects reloaded before import = 0
Number of asset objects unloaded after import = 1
========================================================================
Received Import Request.
  Time since last request: 0.000032 seconds.
  path: Assets/Imports/TowerDefenceAssets/Prefabs/Towers/Tower_7.prefab
  artifactKey: Guid(0db9ddd132bd6154dafae715d8f9835a) Importer(2089858483,0ecaa5967403d082aa24f35e1b516d23)
Start importing Assets/Imports/TowerDefenceAssets/Prefabs/Towers/Tower_7.prefab using Guid(0db9ddd132bd6154dafae715d8f9835a) Importer(2089858483,0ecaa5967403d082aa24f35e1b516d23)  -> (artifact id: '37393bc2bea09a2130934754181ed94c') in 0.073531 seconds
Number of updated asset objects reloaded before import = 0
Number of asset objects unloaded after import = 14
========================================================================
Received Import Request.
  Time since last request: 0.000109 seconds.
  path: Assets/SkySeries Freebie/ExampleScenes/UnderTheSea.unity
  artifactKey: Guid(36dce1c4ecf83f74392c8361f42e87e7) Importer(2089858483,0ecaa5967403d082aa24f35e1b516d23)
Start importing Assets/SkySeries Freebie/ExampleScenes/UnderTheSea.unity using Guid(36dce1c4ecf83f74392c8361f42e87e7) Importer(2089858483,0ecaa5967403d082aa24f35e1b516d23)  -> (artifact id: '397f2a3f4fb349a774456e8157db04e7') in 0.033196 seconds
Number of updated asset objects reloaded before import = 0
Number of asset objects unloaded after import = 1
========================================================================
Received Import Request.
  Time since last request: 0.000094 seconds.
  path: Assets/Imports/Bublik/Simple Modular Castle Assets/Textures
  artifactKey: Guid(b20b284614bcbb243b9b565eca3a8c31) Importer(2089858483,0ecaa5967403d082aa24f35e1b516d23)
Start importing Assets/Imports/Bublik/Simple Modular Castle Assets/Textures using Guid(b20b284614bcbb243b9b565eca3a8c31) Importer(2089858483,0ecaa5967403d082aa24f35e1b516d23)  -> (artifact id: 'dbae97c6b58f3c44823b27f9002f390e') in 0.022738 seconds
Number of updated asset objects reloaded before import = 0
Number of asset objects unloaded after import = 1
========================================================================
Received Import Request.
  Time since last request: 0.000033 seconds.
  path: Assets/Imports/Bublik/Simple Modular Castle Assets/Meshes
  artifactKey: Guid(ee97a0c47642d2442b6ed4254d8627d1) Importer(2089858483,0ecaa5967403d082aa24f35e1b516d23)
Start importing Assets/Imports/Bublik/Simple Modular Castle Assets/Meshes using Guid(ee97a0c47642d2442b6ed4254d8627d1) Importer(2089858483,0ecaa5967403d082aa24f35e1b516d23)  -> (artifact id: '9570feeb544061c4d16d5314363c129d') in 0.030051 seconds
Number of updated asset objects reloaded before import = 0
Number of asset objects unloaded after import = 1
========================================================================
Received Import Request.
  Time since last request: 0.000035 seconds.
  path: Assets/Parkgarage/Prefabs/signs/mesh/Materials
  artifactKey: Guid(29990c3d0b196aa488b6c2ec3fe3bae4) Importer(2089858483,0ecaa5967403d082aa24f35e1b516d23)
Start importing Assets/Parkgarage/Prefabs/signs/mesh/Materials using Guid(29990c3d0b196aa488b6c2ec3fe3bae4) Importer(2089858483,0ecaa5967403d082aa24f35e1b516d23)  -> (artifact id: '0816e8ab774215062842e986586fb280') in 0.027491 seconds
Number of updated asset objects reloaded before import = 0
Number of asset objects unloaded after import = 1
========================================================================
Received Import Request.
  Time since last request: 0.000033 seconds.
  path: Assets/Imports/European Buildings/Decorations/sign_2.prefab
  artifactKey: Guid(5a9df1592a573d44c908823e4262efae) Importer(2089858483,0ecaa5967403d082aa24f35e1b516d23)
Start importing Assets/Imports/European Buildings/Decorations/sign_2.prefab using Guid(5a9df1592a573d44c908823e4262efae) Importer(2089858483,0ecaa5967403d082aa24f35e1b516d23)  -> (artifact id: 'bc8d9db01b0ad0cbdf97d7e6166c14f8') in 0.074293 seconds
Number of updated asset objects reloaded before import = 0
Number of asset objects unloaded after import = 8
========================================================================
Received Import Request.
  Time since last request: 0.000072 seconds.
  path: Assets/Little_GhostLP(FREE)/Prefabs/LittleGhost_LP (6).prefab
  artifactKey: Guid(4b5b08dfd84e3c342b10a4e2ed977d48) Importer(2089858483,0ecaa5967403d082aa24f35e1b516d23)
Start importing Assets/Little_GhostLP(FREE)/Prefabs/LittleGhost_LP (6).prefab using Guid(4b5b08dfd84e3c342b10a4e2ed977d48) Importer(2089858483,0ecaa5967403d082aa24f35e1b516d23)  -> (artifact id: '2b8a80449c77b0c14f0e1e91665893cf') in 0.062258 seconds
Number of updated asset objects reloaded before import = 0
Number of asset objects unloaded after import = 53
========================================================================
Received Import Request.
  Time since last request: 0.000050 seconds.
  path: Assets/Imports/European Buildings/Buildings/building_4.prefab
  artifactKey: Guid(dba4b92b60933ec47bd74820fe64d5ce) Importer(2089858483,0ecaa5967403d082aa24f35e1b516d23)
Start importing Assets/Imports/European Buildings/Buildings/building_4.prefab using Guid(dba4b92b60933ec47bd74820fe64d5ce) Importer(2089858483,0ecaa5967403d082aa24f35e1b516d23)  -> (artifact id: '3567041438f8995a26c6466357d29597') in 0.045612 seconds
Number of updated asset objects reloaded before import = 0
Number of asset objects unloaded after import = 8
========================================================================
Received Import Request.
  Time since last request: 0.000052 seconds.
  path: Assets/Little_GhostLP(FREE)/Texture/Ghost Kid/New Skins
  artifactKey: Guid(38170f58702496b4ead383c277b55aec) Importer(2089858483,0ecaa5967403d082aa24f35e1b516d23)
Start importing Assets/Little_GhostLP(FREE)/Texture/Ghost Kid/New Skins using Guid(38170f58702496b4ead383c277b55aec) Importer(2089858483,0ecaa5967403d082aa24f35e1b516d23)  -> (artifact id: '0e70f887dd8b24efdec8b7cde747061e') in 0.035341 seconds
Number of updated asset objects reloaded before import = 0
Number of asset objects unloaded after import = 1
========================================================================
Received Import Request.
  Time since last request: 0.000037 seconds.
  path: Assets/Imports/TowerDefenceAssets/Prefabs/Guns/Gun_15.prefab
  artifactKey: Guid(423e6200525b2544dab66301c6f4e272) Importer(2089858483,0ecaa5967403d082aa24f35e1b516d23)
Start importing Assets/Imports/TowerDefenceAssets/Prefabs/Guns/Gun_15.prefab using Guid(423e6200525b2544dab66301c6f4e272) Importer(2089858483,0ecaa5967403d082aa24f35e1b516d23)  -> (artifact id: 'd0d50d1b645d37cbfbb73d8819d97456') in 0.096596 seconds
Number of updated asset objects reloaded before import = 0
Number of asset objects unloaded after import = 40
========================================================================
Received Import Request.
  Time since last request: 0.000049 seconds.
  path: Assets/SkySeries Freebie/SkyhighFluffycloudField.mat
  artifactKey: Guid(f15c336556dd74f40aaca655f7767970) Importer(2089858483,0ecaa5967403d082aa24f35e1b516d23)
Start importing Assets/SkySeries Freebie/SkyhighFluffycloudField.mat using Guid(f15c336556dd74f40aaca655f7767970) Importer(2089858483,0ecaa5967403d082aa24f35e1b516d23)  -> (artifact id: 'fd8758b3d07f1ced8a46e0e5cdd3501d') in 0.321334 seconds
Number of updated asset objects reloaded before import = 0
Number of asset objects unloaded after import = 2
========================================================================
Received Import Request.
  Time since last request: 0.000061 seconds.
  path: Assets/Little_GhostLP(FREE)/Material/Hat
  artifactKey: Guid(1ea2e19ac7d4a1c40af78fdea70f9f29) Importer(2089858483,0ecaa5967403d082aa24f35e1b516d23)
Start importing Assets/Little_GhostLP(FREE)/Material/Hat using Guid(1ea2e19ac7d4a1c40af78fdea70f9f29) Importer(2089858483,0ecaa5967403d082aa24f35e1b516d23)  -> (artifact id: '964fadb984c7fdce22954d951aadd453') in 0.054668 seconds
Number of updated asset objects reloaded before import = 0
Number of asset objects unloaded after import = 1
========================================================================
Received Import Request.
  Time since last request: 0.000981 seconds.
  path: Assets/Little_GhostLP(FREE)/Prefabs/LittleGhost_LP (3).prefab
  artifactKey: Guid(5a796ed211b2cec468ecadad11acb207) Importer(2089858483,0ecaa5967403d082aa24f35e1b516d23)
Start importing Assets/Little_GhostLP(FREE)/Prefabs/LittleGhost_LP (3).prefab using Guid(5a796ed211b2cec468ecadad11acb207) Importer(2089858483,0ecaa5967403d082aa24f35e1b516d23)  -> (artifact id: '35c9178fc96aedca2767891937c073e5') in 0.095437 seconds
Number of updated asset objects reloaded before import = 0
Number of asset objects unloaded after import = 53
========================================================================
Received Import Request.
  Time since last request: 0.004694 seconds.
  path: Assets/Imports/European Buildings/Materials/lamp_1.mat
  artifactKey: Guid(0cbca6cf2575c8c49bf276fafe429a1b) Importer(2089858483,0ecaa5967403d082aa24f35e1b516d23)
Start importing Assets/Imports/European Buildings/Materials/lamp_1.mat using Guid(0cbca6cf2575c8c49bf276fafe429a1b) Importer(2089858483,0ecaa5967403d082aa24f35e1b516d23)  -> (artifact id: 'ea1105c1049bd65771fd6e5aea40b720') in 0.111334 seconds
Number of updated asset objects reloaded before import = 0
Number of asset objects unloaded after import = 1
========================================================================
Received Import Request.
  Time since last request: 0.000038 seconds.
  path: Assets/SkySeries Freebie/CasualDay.mat
  artifactKey: Guid(85cf0b004bc4a654b9e501efcce47902) Importer(2089858483,0ecaa5967403d082aa24f35e1b516d23)
Start importing Assets/SkySeries Freebie/CasualDay.mat using Guid(85cf0b004bc4a654b9e501efcce47902) Importer(2089858483,0ecaa5967403d082aa24f35e1b516d23)  -> (artifact id: 'fe60c94ecebfa5213255e3b518ea612e') in 0.259081 seconds
Number of updated asset objects reloaded before import = 0
Number of asset objects unloaded after import = 2
========================================================================
Received Import Request.
  Time since last request: 0.000060 seconds.
  path: Assets/Imports/Bublik/Simple Modular Castle Assets/Materials/Built-in/Gray_Gradient.mat
  artifactKey: Guid(d63caf4441cd1d5419639edf057bc9e9) Importer(2089858483,0ecaa5967403d082aa24f35e1b516d23)
Start importing Assets/Imports/Bublik/Simple Modular Castle Assets/Materials/Built-in/Gray_Gradient.mat using Guid(d63caf4441cd1d5419639edf057bc9e9) Importer(2089858483,0ecaa5967403d082aa24f35e1b516d23)  -> (artifact id: '1bc19f451c426de39533a8379a064823') in 0.089012 seconds
Number of updated asset objects reloaded before import = 0
Number of asset objects unloaded after import = 1
========================================================================
Received Import Request.
  Time since last request: 0.000198 seconds.
  path: Assets/Imports/Bublik/Simple Modular Castle Assets/Shader Graphs/Toon_URP.shadergraph
  artifactKey: Guid(68f5ff3c3f4a378499680488b70318c5) Importer(2089858483,0ecaa5967403d082aa24f35e1b516d23)
Start importing Assets/Imports/Bublik/Simple Modular Castle Assets/Shader Graphs/Toon_URP.shadergraph using Guid(68f5ff3c3f4a378499680488b70318c5) Importer(2089858483,0ecaa5967403d082aa24f35e1b516d23)  -> (artifact id: '920d5829f957b78ec237bc0fb6f0248b') in 0.027117 seconds
Number of updated asset objects reloaded before import = 0
Number of asset objects unloaded after import = 1
========================================================================
Received Import Request.
  Time since last request: 0.002874 seconds.
  path: Assets/Little_GhostLP(FREE)/Material/Devil/Devil Head 1.mat
  artifactKey: Guid(ae7a76d5b5195b94a8dbfb2e1a0cef92) Importer(2089858483,0ecaa5967403d082aa24f35e1b516d23)
Start importing Assets/Little_GhostLP(FREE)/Material/Devil/Devil Head 1.mat using Guid(ae7a76d5b5195b94a8dbfb2e1a0cef92) Importer(2089858483,0ecaa5967403d082aa24f35e1b516d23)  -> (artifact id: '8d741ea9b37dadb434a5721b4427e079') in 0.047630 seconds
Number of updated asset objects reloaded before import = 0
Number of asset objects unloaded after import = 1
========================================================================
Received Import Request.
  Time since last request: 0.000064 seconds.
  path: Assets/Terrain/Layers/rock.terrainlayer
  artifactKey: Guid(2af063b1da4b2f54dae0ad50944df3df) Importer(2089858483,0ecaa5967403d082aa24f35e1b516d23)
Start importing Assets/Terrain/Layers/rock.terrainlayer using Guid(2af063b1da4b2f54dae0ad50944df3df) Importer(2089858483,0ecaa5967403d082aa24f35e1b516d23)  -> (artifact id: 'acda479d7b1e3972810a568498f111a3') in 0.040326 seconds
Number of updated asset objects reloaded before import = 0
Number of asset objects unloaded after import = 2
========================================================================
Received Import Request.
  Time since last request: 0.000030 seconds.
  path: Assets/Imports/European Buildings/Buildings/building_8.prefab
  artifactKey: Guid(e8bf8a360364d0948a2f6427cf3cc569) Importer(2089858483,0ecaa5967403d082aa24f35e1b516d23)
Start importing Assets/Imports/European Buildings/Buildings/building_8.prefab using Guid(e8bf8a360364d0948a2f6427cf3cc569) Importer(2089858483,0ecaa5967403d082aa24f35e1b516d23)  -> (artifact id: 'bb0b08f6b8f56ed81f1fb7e21ceac21c') in 0.113004 seconds
Number of updated asset objects reloaded before import = 0
Number of asset objects unloaded after import = 8
========================================================================
Received Import Request.
  Time since last request: 0.001758 seconds.
  path: Assets/Weapons/Prefabs
  artifactKey: Guid(41e680ec5b0ec434e9a7ea1ae70a568c) Importer(2089858483,0ecaa5967403d082aa24f35e1b516d23)
Start importing Assets/Weapons/Prefabs using Guid(41e680ec5b0ec434e9a7ea1ae70a568c) Importer(2089858483,0ecaa5967403d082aa24f35e1b516d23)  -> (artifact id: '0e5fd4eb4527f23352f7b7ca63664251') in 0.056697 seconds
Number of updated asset objects reloaded before import = 0
Number of asset objects unloaded after import = 1
========================================================================
Received Import Request.
  Time since last request: 0.000978 seconds.
  path: Assets/Imports/Cosmic_Retro_Blasters Pack_1_FREE/Demo_Scene/Cosmic_Retro_Blaster_1_Floor.mat
  artifactKey: Guid(7ae3066533ead034da29f917b98b01dc) Importer(2089858483,0ecaa5967403d082aa24f35e1b516d23)
Start importing Assets/Imports/Cosmic_Retro_Blasters Pack_1_FREE/Demo_Scene/Cosmic_Retro_Blaster_1_Floor.mat using Guid(7ae3066533ead034da29f917b98b01dc) Importer(2089858483,0ecaa5967403d082aa24f35e1b516d23)  -> (artifact id: 'bf2649a639ae0518c7990c7846edea6a') in 0.064799 seconds
Number of updated asset objects reloaded before import = 0
Number of asset objects unloaded after import = 1
========================================================================
Received Import Request.
  Time since last request: 0.000036 seconds.
  path: Assets/Imports/BigRookGames/_AssetPacks/Stylized Weapon Pack/Stylized Rocket Launcher/Materials/VFX/BigFlashHDRAdd2Sided.mat
  artifactKey: Guid(f592d55772ae9d14e889e30dedeee949) Importer(2089858483,0ecaa5967403d082aa24f35e1b516d23)
Start importing Assets/Imports/BigRookGames/_AssetPacks/Stylized Weapon Pack/Stylized Rocket Launcher/Materials/VFX/BigFlashHDRAdd2Sided.mat using Guid(f592d55772ae9d14e889e30dedeee949) Importer(2089858483,0ecaa5967403d082aa24f35e1b516d23)  -> (artifact id: '7f958ba6814387dbcdb8e4ee3ede94ca') in 0.143796 seconds
Number of updated asset objects reloaded before import = 0
Number of asset objects unloaded after import = 2
========================================================================
Received Import Request.
  Time since last request: 0.000036 seconds.
  path: Assets/Weapons/Models/LaserShooter-Alfa_body.prefab
  artifactKey: Guid(17e2e23781c97e946995c750f4452fb5) Importer(2089858483,0ecaa5967403d082aa24f35e1b516d23)
Start importing Assets/Weapons/Models/LaserShooter-Alfa_body.prefab using Guid(17e2e23781c97e946995c750f4452fb5) Importer(2089858483,0ecaa5967403d082aa24f35e1b516d23)  -> (artifact id: '8e6837afff679b615296d4045b844367') in 0.072085 seconds
Number of updated asset objects reloaded before import = 0
Number of asset objects unloaded after import = 304
========================================================================
Received Import Request.
  Time since last request: 0.000065 seconds.
  path: Assets/Parkgarage/Prefabs/machines/Materials/Barrier gate.mat
  artifactKey: Guid(5b8000be35200c7478626263288300d1) Importer(2089858483,0ecaa5967403d082aa24f35e1b516d23)
Start importing Assets/Parkgarage/Prefabs/machines/Materials/Barrier gate.mat using Guid(5b8000be35200c7478626263288300d1) Importer(2089858483,0ecaa5967403d082aa24f35e1b516d23)  -> (artifact id: '5b4aa0e81e96a780ec998a836a5701d9') in 0.049571 seconds
Number of updated asset objects reloaded before import = 0
Number of asset objects unloaded after import = 2
========================================================================
Received Import Request.
  Time since last request: 0.000022 seconds.
  path: Assets/Parkgarage/Prefabs/doors/Materials/Handle.mat
  artifactKey: Guid(da3dbce4bcc628e478113869654e250a) Importer(2089858483,0ecaa5967403d082aa24f35e1b516d23)
Start importing Assets/Parkgarage/Prefabs/doors/Materials/Handle.mat using Guid(da3dbce4bcc628e478113869654e250a) Importer(2089858483,0ecaa5967403d082aa24f35e1b516d23)  -> (artifact id: '2a301438e4e44821409c8c27cd1bf2a2') in 0.032910 seconds
Number of updated asset objects reloaded before import = 0
Number of asset objects unloaded after import = 1
========================================================================
Received Import Request.
  Time since last request: 0.000032 seconds.
  path: Assets/Parkgarage/Prefabs/signs/materials
  artifactKey: Guid(271abe11fba5fe14f8805a47b2b56767) Importer(2089858483,0ecaa5967403d082aa24f35e1b516d23)
Start importing Assets/Parkgarage/Prefabs/signs/materials using Guid(271abe11fba5fe14f8805a47b2b56767) Importer(2089858483,0ecaa5967403d082aa24f35e1b516d23)  -> (artifact id: '4e0156c04f0980ffc458206b3100452d') in 0.018984 seconds
Number of updated asset objects reloaded before import = 0
Number of asset objects unloaded after import = 1
========================================================================
Received Import Request.
  Time since last request: 0.000031 seconds.
  path: Assets/Prefabs/Player.prefab
  artifactKey: Guid(8c70d53a163af0f4bae435c8abb4c50f) Importer(2089858483,0ecaa5967403d082aa24f35e1b516d23)
Start importing Assets/Prefabs/Player.prefab using Guid(8c70d53a163af0f4bae435c8abb4c50f) Importer(2089858483,0ecaa5967403d082aa24f35e1b516d23)  -> (artifact id: '6fe9db8d762ac1745e8b56bb8dcbbd1b') in 0.068094 seconds
Number of updated asset objects reloaded before import = 0
Number of asset objects unloaded after import = 20
========================================================================
Received Import Request.
  Time since last request: 0.000032 seconds.
  path: Assets/Parkgarage/Prefabs/bench/mesh
  artifactKey: Guid(384b258c0053b014f9517ed19b79a5a7) Importer(2089858483,0ecaa5967403d082aa24f35e1b516d23)
Start importing Assets/Parkgarage/Prefabs/bench/mesh using Guid(384b258c0053b014f9517ed19b79a5a7) Importer(2089858483,0ecaa5967403d082aa24f35e1b516d23)  -> (artifact id: '7c55f1c44c63febf1d669857a3f86ab8') in 0.015586 seconds
Number of updated asset objects reloaded before import = 0
Number of asset objects unloaded after import = 1
========================================================================
Received Import Request.
  Time since last request: 0.000023 seconds.
  path: Assets/Imports/Cosmic_Retro_Blasters Pack_1_FREE/Hdrp
  artifactKey: Guid(ebc3811379dcce7458b9d05eaa6270e9) Importer(2089858483,0ecaa5967403d082aa24f35e1b516d23)
Start importing Assets/Imports/Cosmic_Retro_Blasters Pack_1_FREE/Hdrp using Guid(ebc3811379dcce7458b9d05eaa6270e9) Importer(2089858483,0ecaa5967403d082aa24f35e1b516d23)  -> (artifact id: '1720b024e3fcef452e3443790e5c102c') in 0.011998 seconds
Number of updated asset objects reloaded before import = 0
Number of asset objects unloaded after import = 1
========================================================================
Received Import Request.
  Time since last request: 0.000035 seconds.
  path: Assets/Imports/TowerDefenceAssets/Scenes
  artifactKey: Guid(eb5b21b1ebcfae449abf315cfe4437f1) Importer(2089858483,0ecaa5967403d082aa24f35e1b516d23)
Start importing Assets/Imports/TowerDefenceAssets/Scenes using Guid(eb5b21b1ebcfae449abf315cfe4437f1) Importer(2089858483,0ecaa5967403d082aa24f35e1b516d23)  -> (artifact id: '318b7c58bad66178a09c9447aa3defaf') in 0.014098 seconds
Number of updated asset objects reloaded before import = 0
Number of asset objects unloaded after import = 1
========================================================================
Received Import Request.
  Time since last request: 0.000046 seconds.
  path: Assets/SkySeries Freebie/ExampleScenes/SundownFreebieDemo.unity
  artifactKey: Guid(fe6b9a1767cfb80428cc8d62702d38e6) Importer(2089858483,0ecaa5967403d082aa24f35e1b516d23)
Start importing Assets/SkySeries Freebie/ExampleScenes/SundownFreebieDemo.unity using Guid(fe6b9a1767cfb80428cc8d62702d38e6) Importer(2089858483,0ecaa5967403d082aa24f35e1b516d23)  -> (artifact id: '88bb482a71d282d115d97c68e0d7c0c1') in 0.015111 seconds
Number of updated asset objects reloaded before import = 0
Number of asset objects unloaded after import = 1
========================================================================
Received Import Request.
  Time since last request: 0.000041 seconds.
  path: Assets/Weapons/Materials/LaserShooter_emitter.mat
  artifactKey: Guid(a4277dda3c131054995d528fffda4d51) Importer(2089858483,0ecaa5967403d082aa24f35e1b516d23)
Start importing Assets/Weapons/Materials/LaserShooter_emitter.mat using Guid(a4277dda3c131054995d528fffda4d51) Importer(2089858483,0ecaa5967403d082aa24f35e1b516d23)  -> (artifact id: 'e03f080d0e2df0debbc9708d8b8d5114') in 0.027266 seconds
Number of updated asset objects reloaded before import = 0
Number of asset objects unloaded after import = 1
========================================================================
Received Import Request.
  Time since last request: 0.000025 seconds.
  path: Assets/Parkgarage/Prefabs/machines/Materials/Transparent.mat
  artifactKey: Guid(9d9a4e1600baf4b4c9640e15559b8536) Importer(2089858483,0ecaa5967403d082aa24f35e1b516d23)
Start importing Assets/Parkgarage/Prefabs/machines/Materials/Transparent.mat using Guid(9d9a4e1600baf4b4c9640e15559b8536) Importer(2089858483,0ecaa5967403d082aa24f35e1b516d23)  -> (artifact id: '1fd0a0d2033608bd0a44ae1fb3a7a8c9') in 0.029677 seconds
Number of updated asset objects reloaded before import = 0
Number of asset objects unloaded after import = 1
========================================================================
Received Import Request.
  Time since last request: 0.000024 seconds.
  path: Assets/Parkgarage/Prefabs/doors/Materials/Door.mat
  artifactKey: Guid(65bda8d3ca1b03a4b8538b68ae72da7a) Importer(2089858483,0ecaa5967403d082aa24f35e1b516d23)
Start importing Assets/Parkgarage/Prefabs/doors/Materials/Door.mat using Guid(65bda8d3ca1b03a4b8538b68ae72da7a) Importer(2089858483,0ecaa5967403d082aa24f35e1b516d23)  -> (artifact id: '34ffbd89d4750102a9d30a1b703d9373') in 0.031805 seconds
Number of updated asset objects reloaded before import = 0
Number of asset objects unloaded after import = 3
========================================================================
Received Import Request.
  Time since last request: 0.000028 seconds.
  path: Assets/Imports/BigRookGames/_AssetPacks/Stylized Weapon Pack/Stylized Rocket Launcher/Prefabs/VFX
  artifactKey: Guid(7dc080c3826d05d45813ea24cf1cbc11) Importer(2089858483,0ecaa5967403d082aa24f35e1b516d23)
Start importing Assets/Imports/BigRookGames/_AssetPacks/Stylized Weapon Pack/Stylized Rocket Launcher/Prefabs/VFX using Guid(7dc080c3826d05d45813ea24cf1cbc11) Importer(2089858483,0ecaa5967403d082aa24f35e1b516d23)  -> (artifact id: 'e0aa1d65cf78764685e1b2b42175cc58') in 0.017543 seconds
Number of updated asset objects reloaded before import = 0
Number of asset objects unloaded after import = 1
========================================================================
Received Import Request.
  Time since last request: 0.000023 seconds.
  path: Assets/Parkgarage/Prefabs/doors/Materials/Glass.mat
  artifactKey: Guid(6bf86c56357173d4db42e6aeade0413e) Importer(2089858483,0ecaa5967403d082aa24f35e1b516d23)
Start importing Assets/Parkgarage/Prefabs/doors/Materials/Glass.mat using Guid(6bf86c56357173d4db42e6aeade0413e) Importer(2089858483,0ecaa5967403d082aa24f35e1b516d23)  -> (artifact id: '45899a5ee481ece479f8a9841123e9fc') in 0.027740 seconds
Number of updated asset objects reloaded before import = 0
Number of asset objects unloaded after import = 1
========================================================================
Received Import Request.
  Time since last request: 0.000022 seconds.
  path: Assets/Scenes
  artifactKey: Guid(ec046386d2d4de74bb996ff1c625dcc3) Importer(2089858483,0ecaa5967403d082aa24f35e1b516d23)
Start importing Assets/Scenes using Guid(ec046386d2d4de74bb996ff1c625dcc3) Importer(2089858483,0ecaa5967403d082aa24f35e1b516d23)  -> (artifact id: 'bb6a44689515c70472f468b73a58386c') in 0.015521 seconds
Number of updated asset objects reloaded before import = 0
Number of asset objects unloaded after import = 1
========================================================================
Received Import Request.
  Time since last request: 0.000025 seconds.
  path: Assets/SkySeries Freebie/CosmicCoolCloud_Eq.mat
  artifactKey: Guid(369b9ebe3a62b904dbc19bd332b44086) Importer(2089858483,0ecaa5967403d082aa24f35e1b516d23)
Start importing Assets/SkySeries Freebie/CosmicCoolCloud_Eq.mat using Guid(369b9ebe3a62b904dbc19bd332b44086) Importer(2089858483,0ecaa5967403d082aa24f35e1b516d23)  -> (artifact id: '21a723b3afe90b0e0eb3e3937efc14f6') in 0.063918 seconds
Number of updated asset objects reloaded before import = 0
Number of asset objects unloaded after import = 2
========================================================================
Received Import Request.
  Time since last request: 0.000034 seconds.
  path: Assets/Simple FPS Controller/Scripts/Grappling Hook
  artifactKey: Guid(10821172c88ff9341b3ab95722c0e0c5) Importer(2089858483,0ecaa5967403d082aa24f35e1b516d23)
Start importing Assets/Simple FPS Controller/Scripts/Grappling Hook using Guid(10821172c88ff9341b3ab95722c0e0c5) Importer(2089858483,0ecaa5967403d082aa24f35e1b516d23)  -> (artifact id: '5c65133459eb46444a638764fc1697c2') in 0.016673 seconds
Number of updated asset objects reloaded before import = 0
Number of asset objects unloaded after import = 1
========================================================================
Received Import Request.
  Time since last request: 0.000033 seconds.
  path: Assets/Little_GhostLP(FREE)/Prefabs/Others/EnemyZombie.prefab
  artifactKey: Guid(245890772d411614190156f02a92d05b) Importer(2089858483,0ecaa5967403d082aa24f35e1b516d23)
Start importing Assets/Little_GhostLP(FREE)/Prefabs/Others/EnemyZombie.prefab using Guid(245890772d411614190156f02a92d05b) Importer(2089858483,0ecaa5967403d082aa24f35e1b516d23)  -> (artifact id: '12308221e5cb68712ccb8d250ec93130') in 0.042572 seconds
Number of updated asset objects reloaded before import = 0
Number of asset objects unloaded after import = 185
========================================================================
Received Import Request.
  Time since last request: 0.000028 seconds.
  path: Assets/SkySeries Freebie/UnderTheSea4k.mat
  artifactKey: Guid(119ec07f1c7ed204db46bd8465fd5a50) Importer(2089858483,0ecaa5967403d082aa24f35e1b516d23)
Start importing Assets/SkySeries Freebie/UnderTheSea4k.mat using Guid(119ec07f1c7ed204db46bd8465fd5a50) Importer(2089858483,0ecaa5967403d082aa24f35e1b516d23)  -> (artifact id: '46c57159dbfba5fa603f2c0ff536be40') in 0.105638 seconds
Number of updated asset objects reloaded before import = 0
Number of asset objects unloaded after import = 2
========================================================================
Received Import Request.
  Time since last request: 0.000042 seconds.
  path: Assets/Imports/TowerDefenceAssets/Prefabs/Guns/Gun_1.prefab
  artifactKey: Guid(eb72f71b854410d429ad4e1ca461a14c) Importer(2089858483,0ecaa5967403d082aa24f35e1b516d23)
Start importing Assets/Imports/TowerDefenceAssets/Prefabs/Guns/Gun_1.prefab using Guid(eb72f71b854410d429ad4e1ca461a14c) Importer(2089858483,0ecaa5967403d082aa24f35e1b516d23)  -> (artifact id: 'd4f3cd57f04a810ae04c03f9ed6ecdcc') in 0.048565 seconds
Number of updated asset objects reloaded before import = 0
Number of asset objects unloaded after import = 34
========================================================================
Received Import Request.
  Time since last request: 0.237388 seconds.
  path: Assets/Parkgarage/Prefabs/parkgarage/Materials/arror.mat
  artifactKey: Guid(63c34263a215a314f937b405dfb5f8bb) Importer(2089858483,0ecaa5967403d082aa24f35e1b516d23)
Start importing Assets/Parkgarage/Prefabs/parkgarage/Materials/arror.mat using Guid(63c34263a215a314f937b405dfb5f8bb) Importer(2089858483,0ecaa5967403d082aa24f35e1b516d23)  -> (artifact id: '138f308e9e21963f2523d8fd444ad629') in 0.039649 seconds
Number of updated asset objects reloaded before import = 0
Number of asset objects unloaded after import = 2
========================================================================
Received Import Request.
  Time since last request: 0.000042 seconds.
  path: Assets/Parkgarage/Prefabs/doors/mesh
  artifactKey: Guid(95e2e896aa957c94a9adfbdb5cdff506) Importer(2089858483,0ecaa5967403d082aa24f35e1b516d23)
Start importing Assets/Parkgarage/Prefabs/doors/mesh using Guid(95e2e896aa957c94a9adfbdb5cdff506) Importer(2089858483,0ecaa5967403d082aa24f35e1b516d23)  -> (artifact id: '64ab2afcde0285ee25a2a4f317d879aa') in 0.029951 seconds
Number of updated asset objects reloaded before import = 0
Number of asset objects unloaded after import = 1
========================================================================
Received Import Request.
  Time since last request: 0.000026 seconds.
  path: Assets/Imports/TowerDefenceAssets
  artifactKey: Guid(9e33c349ce9382348a0f08af98cffcc7) Importer(2089858483,0ecaa5967403d082aa24f35e1b516d23)
Start importing Assets/Imports/TowerDefenceAssets using Guid(9e33c349ce9382348a0f08af98cffcc7) Importer(2089858483,0ecaa5967403d082aa24f35e1b516d23)  -> (artifact id: '797a874f7da426159d9a92e21d5cecea') in 0.046909 seconds
Number of updated asset objects reloaded before import = 0
Number of asset objects unloaded after import = 1
========================================================================
Received Import Request.
  Time since last request: 0.000047 seconds.
  path: Assets/Imports/European Buildings/Materials/lamp_2.mat
  artifactKey: Guid(d762c4c5418cd4242ad6d15718d7e3f9) Importer(2089858483,0ecaa5967403d082aa24f35e1b516d23)
Start importing Assets/Imports/European Buildings/Materials/lamp_2.mat using Guid(d762c4c5418cd4242ad6d15718d7e3f9) Importer(2089858483,0ecaa5967403d082aa24f35e1b516d23)  -> (artifact id: '825934203517a23feb52db90242e9816') in 0.049298 seconds
Number of updated asset objects reloaded before import = 0
Number of asset objects unloaded after import = 1
========================================================================
Received Import Request.
  Time since last request: 0.000433 seconds.
  path: Assets/Parkgarage/Prefabs/machines/mesh
  artifactKey: Guid(5e57f66091974bb49ae8825aebef1341) Importer(2089858483,0ecaa5967403d082aa24f35e1b516d23)
Start importing Assets/Parkgarage/Prefabs/machines/mesh using Guid(5e57f66091974bb49ae8825aebef1341) Importer(2089858483,0ecaa5967403d082aa24f35e1b516d23)  -> (artifact id: 'c67529e6f14c03753490d6cfffd5e03e') in 0.023539 seconds
Number of updated asset objects reloaded before import = 0
Number of asset objects unloaded after import = 1
========================================================================
Received Import Request.
  Time since last request: 0.000572 seconds.
  path: Assets/Parkgarage/Scene/Parkgarage_demo
  artifactKey: Guid(043d66bae24365d49a2031347d2d152f) Importer(2089858483,0ecaa5967403d082aa24f35e1b516d23)
Start importing Assets/Parkgarage/Scene/Parkgarage_demo using Guid(043d66bae24365d49a2031347d2d152f) Importer(2089858483,0ecaa5967403d082aa24f35e1b516d23)  -> (artifact id: '4aa422052918d7ea5cfe15cd0a83d85e') in 0.030245 seconds
Number of updated asset objects reloaded before import = 0
Number of asset objects unloaded after import = 1
========================================================================
Received Import Request.
  Time since last request: 0.000054 seconds.
  path: Assets/Imports/European Buildings/Materials/fasade_4.mat
  artifactKey: Guid(ecf479886d83bb349b2507ab4165da04) Importer(2089858483,0ecaa5967403d082aa24f35e1b516d23)
Start importing Assets/Imports/European Buildings/Materials/fasade_4.mat using Guid(ecf479886d83bb349b2507ab4165da04) Importer(2089858483,0ecaa5967403d082aa24f35e1b516d23)  -> (artifact id: 'b5a8fedb6c45f477ae742a0d0b0fa973') in 0.027695 seconds
Number of updated asset objects reloaded before import = 0
Number of asset objects unloaded after import = 1
========================================================================
Received Import Request.
  Time since last request: 0.000159 seconds.
  path: Assets/Imports/European Buildings/Materials/fasade_9_5.mat
  artifactKey: Guid(52754914e1100a2498c45475e5a2d5a5) Importer(2089858483,0ecaa5967403d082aa24f35e1b516d23)
Start importing Assets/Imports/European Buildings/Materials/fasade_9_5.mat using Guid(52754914e1100a2498c45475e5a2d5a5) Importer(2089858483,0ecaa5967403d082aa24f35e1b516d23)  -> (artifact id: '34e48d31147e7f35f4735db25fda4731') in 0.033418 seconds
Number of updated asset objects reloaded before import = 0
Number of asset objects unloaded after import = 1
========================================================================
Received Import Request.
  Time since last request: 0.000030 seconds.
  path: Assets/Imports/European Buildings/Decorations/sign_3.prefab
  artifactKey: Guid(92d029e80a6312b4ab672dee2a549ee6) Importer(2089858483,0ecaa5967403d082aa24f35e1b516d23)
Start importing Assets/Imports/European Buildings/Decorations/sign_3.prefab using Guid(92d029e80a6312b4ab672dee2a549ee6) Importer(2089858483,0ecaa5967403d082aa24f35e1b516d23)  -> (artifact id: '108489daa264d81754a60f1390d08aa4') in 0.081108 seconds
Number of updated asset objects reloaded before import = 0
Number of asset objects unloaded after import = 8
========================================================================
Received Import Request.
  Time since last request: 0.000032 seconds.
  path: Assets/Parkgarage/Prefabs/lamps/Materials/Glass.mat
  artifactKey: Guid(2c37811f68772d74cbb85f4bae4d77ed) Importer(2089858483,0ecaa5967403d082aa24f35e1b516d23)
Start importing Assets/Parkgarage/Prefabs/lamps/Materials/Glass.mat using Guid(2c37811f68772d74cbb85f4bae4d77ed) Importer(2089858483,0ecaa5967403d082aa24f35e1b516d23)  -> (artifact id: '33708549a55248d249400840db6c9c30') in 0.044607 seconds
Number of updated asset objects reloaded before import = 0
Number of asset objects unloaded after import = 1
========================================================================
Received Import Request.
  Time since last request: 0.000041 seconds.
  path: Assets/Imports/European Buildings/Decorations/sign_5.prefab
  artifactKey: Guid(40a9b9ce6e2f9114d9358f7379274fbc) Importer(2089858483,0ecaa5967403d082aa24f35e1b516d23)
Start importing Assets/Imports/European Buildings/Decorations/sign_5.prefab using Guid(40a9b9ce6e2f9114d9358f7379274fbc) Importer(2089858483,0ecaa5967403d082aa24f35e1b516d23)  -> (artifact id: '52a962ad2362a3112793153325ad2609') in 0.067207 seconds
Number of updated asset objects reloaded before import = 0
Number of asset objects unloaded after import = 8
========================================================================
Received Import Request.
  Time since last request: 0.000032 seconds.
  path: Assets/Imports/Bublik/Simple Modular Castle Assets/Prefabs/Wooden_Walls.prefab
  artifactKey: Guid(1d311272de359054d98af430d533dcd5) Importer(2089858483,0ecaa5967403d082aa24f35e1b516d23)
Start importing Assets/Imports/Bublik/Simple Modular Castle Assets/Prefabs/Wooden_Walls.prefab using Guid(1d311272de359054d98af430d533dcd5) Importer(2089858483,0ecaa5967403d082aa24f35e1b516d23)  -> (artifact id: '334f3eae3d4ae2ee56f656e81f6cc3e6') in 0.055154 seconds
Number of updated asset objects reloaded before import = 0
Number of asset objects unloaded after import = 14
========================================================================
Received Import Request.
  Time since last request: 0.000080 seconds.
  path: Assets/Imports/European Buildings/Decorations/road_intersection_L.prefab
  artifactKey: Guid(7f0bf2b4845e8ca40bd828e0769708a3) Importer(2089858483,0ecaa5967403d082aa24f35e1b516d23)
Start importing Assets/Imports/European Buildings/Decorations/road_intersection_L.prefab using Guid(7f0bf2b4845e8ca40bd828e0769708a3) Importer(2089858483,0ecaa5967403d082aa24f35e1b516d23)  -> (artifact id: '0001c2abf7805087d09d1e497b8e0d0f') in 0.059378 seconds
Number of updated asset objects reloaded before import = 0
Number of asset objects unloaded after import = 8
========================================================================
Received Import Request.
  Time since last request: 0.000073 seconds.
  path: Assets/Imports/BigRookGames/_AssetPacks/Stylized Weapon Pack/Stylized Rocket Launcher/Materials/VFX/WallSparksTrail.mat
  artifactKey: Guid(9ca3e35e4a1cc4840afc01ec8ac43fb7) Importer(2089858483,0ecaa5967403d082aa24f35e1b516d23)
Start importing Assets/Imports/BigRookGames/_AssetPacks/Stylized Weapon Pack/Stylized Rocket Launcher/Materials/VFX/WallSparksTrail.mat using Guid(9ca3e35e4a1cc4840afc01ec8ac43fb7) Importer(2089858483,0ecaa5967403d082aa24f35e1b516d23)  -> (artifact id: '7743db855c294529515a35ab38624e05') in 0.062438 seconds
Number of updated asset objects reloaded before import = 0
Number of asset objects unloaded after import = 2
========================================================================
Received Import Request.
  Time since last request: 0.000059 seconds.
  path: Assets/Imports/TowerDefenceAssets/Prefabs/Towers/Tower_6.prefab
  artifactKey: Guid(20d5669c5bf136d4381e5e4c0a26cc35) Importer(2089858483,0ecaa5967403d082aa24f35e1b516d23)
Start importing Assets/Imports/TowerDefenceAssets/Prefabs/Towers/Tower_6.prefab using Guid(20d5669c5bf136d4381e5e4c0a26cc35) Importer(2089858483,0ecaa5967403d082aa24f35e1b516d23)  -> (artifact id: '5b3da11734183b15327ceff58231d2b2') in 0.056671 seconds
Number of updated asset objects reloaded before import = 0
Number of asset objects unloaded after import = 28
========================================================================
Received Import Request.
  Time since last request: 0.000029 seconds.
  path: Assets/Parkgarage/Prefabs/signs/materials/metal+pole.mat
  artifactKey: Guid(1818efca2a3239d458ea07970c97f6f1) Importer(2089858483,0ecaa5967403d082aa24f35e1b516d23)
Start importing Assets/Parkgarage/Prefabs/signs/materials/metal+pole.mat using Guid(1818efca2a3239d458ea07970c97f6f1) Importer(2089858483,0ecaa5967403d082aa24f35e1b516d23)  -> (artifact id: '09dc3870bb8bdbb423a00a85d51532c2') in 0.066311 seconds
Number of updated asset objects reloaded before import = 0
Number of asset objects unloaded after import = 2
========================================================================
Received Import Request.
  Time since last request: 0.000031 seconds.
  path: Assets/Little_GhostLP(FREE)/Material/Ghost Kid/Blue 1.mat
  artifactKey: Guid(31671b9a7e5932446827df075c9ae79d) Importer(2089858483,0ecaa5967403d082aa24f35e1b516d23)
Start importing Assets/Little_GhostLP(FREE)/Material/Ghost Kid/Blue 1.mat using Guid(31671b9a7e5932446827df075c9ae79d) Importer(2089858483,0ecaa5967403d082aa24f35e1b516d23)  -> (artifact id: '1d7643e7c3ec039b8d150acaa31d2173') in 0.079872 seconds
Number of updated asset objects reloaded before import = 0
Number of asset objects unloaded after import = 2
========================================================================
Received Import Request.
  Time since last request: 0.000038 seconds.
  path: Assets/Parkgarage/Prefabs/parkgarage/Materials/footbridge_roof.mat
  artifactKey: Guid(145f65129306b10488a871145324bcde) Importer(2089858483,0ecaa5967403d082aa24f35e1b516d23)
Start importing Assets/Parkgarage/Prefabs/parkgarage/Materials/footbridge_roof.mat using Guid(145f65129306b10488a871145324bcde) Importer(2089858483,0ecaa5967403d082aa24f35e1b516d23)  -> (artifact id: 'cb4993a78566cffcaf70337a06f939e9') in 0.033567 seconds
Number of updated asset objects reloaded before import = 0
Number of asset objects unloaded after import = 3
========================================================================
Received Import Request.
  Time since last request: 0.000035 seconds.
  path: Assets/Simple FPS Controller/Scripts/Wall Run
  artifactKey: Guid(1d1927aea477dd04a9275c2018c99207) Importer(2089858483,0ecaa5967403d082aa24f35e1b516d23)
Start importing Assets/Simple FPS Controller/Scripts/Wall Run using Guid(1d1927aea477dd04a9275c2018c99207) Importer(2089858483,0ecaa5967403d082aa24f35e1b516d23)  -> (artifact id: 'a4fe0825598c9a92c3afc6381fff7fd9') in 0.022178 seconds
Number of updated asset objects reloaded before import = 0
Number of asset objects unloaded after import = 1
========================================================================
Received Import Request.
  Time since last request: 0.000067 seconds.
  path: Assets/Simple FPS Controller/Materials/Grid2x.mat
  artifactKey: Guid(06b5a547e33e23a4fa51a490535baeeb) Importer(2089858483,0ecaa5967403d082aa24f35e1b516d23)
Start importing Assets/Simple FPS Controller/Materials/Grid2x.mat using Guid(06b5a547e33e23a4fa51a490535baeeb) Importer(2089858483,0ecaa5967403d082aa24f35e1b516d23)  -> (artifact id: 'da482f992a55a3bfd6d7c60ce8f19a68') in 0.073878 seconds
Number of updated asset objects reloaded before import = 0
Number of asset objects unloaded after import = 2
========================================================================
Received Import Request.
  Time since last request: 0.000029 seconds.
  path: Assets/Parkgarage/Prefabs/bench/Materials/attachment.mat
  artifactKey: Guid(26f6046595f8e5d4198d8652606d65e2) Importer(2089858483,0ecaa5967403d082aa24f35e1b516d23)
Start importing Assets/Parkgarage/Prefabs/bench/Materials/attachment.mat using Guid(26f6046595f8e5d4198d8652606d65e2) Importer(2089858483,0ecaa5967403d082aa24f35e1b516d23)  -> (artifact id: '18be138b4176d8817a2fbabebed54301') in 0.050185 seconds
Number of updated asset objects reloaded before import = 0
Number of asset objects unloaded after import = 1
========================================================================
Received Import Request.
  Time since last request: 0.000053 seconds.
  path: Assets/Imports/European Buildings/Materials/red_emiter.mat
  artifactKey: Guid(9c7238b4b2a7c4d48b16cbaf94120e39) Importer(2089858483,0ecaa5967403d082aa24f35e1b516d23)
Start importing Assets/Imports/European Buildings/Materials/red_emiter.mat using Guid(9c7238b4b2a7c4d48b16cbaf94120e39) Importer(2089858483,0ecaa5967403d082aa24f35e1b516d23)  -> (artifact id: '4e36be40f09e0c6a949e0c2cb0d61c3b') in 0.056995 seconds
Number of updated asset objects reloaded before import = 0
Number of asset objects unloaded after import = 1
========================================================================
Received Import Request.
  Time since last request: 0.000051 seconds.
  path: Assets/Little_GhostLP(FREE)/Material/Hat/Hat 3.mat
  artifactKey: Guid(d3fbf1c5c572a3c4391666cade5cdf46) Importer(2089858483,0ecaa5967403d082aa24f35e1b516d23)
Start importing Assets/Little_GhostLP(FREE)/Material/Hat/Hat 3.mat using Guid(d3fbf1c5c572a3c4391666cade5cdf46) Importer(2089858483,0ecaa5967403d082aa24f35e1b516d23)  -> (artifact id: 'd43d7ca354aeb57d7c3f278bbd78379c') in 0.038062 seconds
Number of updated asset objects reloaded before import = 0
Number of asset objects unloaded after import = 2
========================================================================
Received Import Request.
  Time since last request: 0.000048 seconds.
  path: Assets/Kevin Iglesias/Zombie Animations/AnimatorControllers/Zombie@Attacks.controller
  artifactKey: Guid(350c80f7b05ea874d8369b922616cf41) Importer(2089858483,0ecaa5967403d082aa24f35e1b516d23)
Start importing Assets/Kevin Iglesias/Zombie Animations/AnimatorControllers/Zombie@Attacks.controller using Guid(350c80f7b05ea874d8369b922616cf41) Importer(2089858483,0ecaa5967403d082aa24f35e1b516d23)  -> (artifact id: 'b466b1c944611d0fd8d3b8c64dc810d7') in 0.029945 seconds
Number of updated asset objects reloaded before import = 0
Number of asset objects unloaded after import = 5
========================================================================
Received Import Request.
  Time since last request: 0.000043 seconds.
  path: Assets/Parkgarage/Prefabs/widnows/Window_b01/mesh/Materials/window_B01.mat
  artifactKey: Guid(32cf98cf9beb8e3468b3ba581a720d7b) Importer(2089858483,0ecaa5967403d082aa24f35e1b516d23)
Start importing Assets/Parkgarage/Prefabs/widnows/Window_b01/mesh/Materials/window_B01.mat using Guid(32cf98cf9beb8e3468b3ba581a720d7b) Importer(2089858483,0ecaa5967403d082aa24f35e1b516d23)  -> (artifact id: 'f4fcc10dac13fbc8d0d94748d6f23e2e') in 0.047265 seconds
Number of updated asset objects reloaded before import = 0
Number of asset objects unloaded after import = 1
========================================================================
Received Import Request.
  Time since last request: 0.000227 seconds.
  path: Assets/Imports/European Buildings/Materials/blue.mat
  artifactKey: Guid(d2d2b9d296d07bc479a1db9370d9d3b9) Importer(2089858483,0ecaa5967403d082aa24f35e1b516d23)
Start importing Assets/Imports/European Buildings/Materials/blue.mat using Guid(d2d2b9d296d07bc479a1db9370d9d3b9) Importer(2089858483,0ecaa5967403d082aa24f35e1b516d23)  -> (artifact id: 'cb856e4a43815aa7e5b3bdfa663b5bdd') in 0.129823 seconds
Number of updated asset objects reloaded before import = 0
Number of asset objects unloaded after import = 1
========================================================================
Received Import Request.
  Time since last request: 0.000936 seconds.
  path: Assets/Parkgarage/Prefabs/signs/Checkout_box_prefab.prefab
  artifactKey: Guid(0c197f5f8d89fa44cb6f344ad2a297ee) Importer(2089858483,0ecaa5967403d082aa24f35e1b516d23)
Start importing Assets/Parkgarage/Prefabs/signs/Checkout_box_prefab.prefab using Guid(0c197f5f8d89fa44cb6f344ad2a297ee) Importer(2089858483,0ecaa5967403d082aa24f35e1b516d23)  -> (artifact id: '940cc9f27c3b69f6784011ab2a566801') in 0.056716 seconds
Number of updated asset objects reloaded before import = 0
Number of asset objects unloaded after import = 14
========================================================================
Received Import Request.
  Time since last request: 0.000540 seconds.
  path: Assets/Parkgarage/Prefabs/Tree/tree_prefab.prefab
  artifactKey: Guid(41d4a8b35051454488a19b26dc039577) Importer(2089858483,0ecaa5967403d082aa24f35e1b516d23)
Start importing Assets/Parkgarage/Prefabs/Tree/tree_prefab.prefab using Guid(41d4a8b35051454488a19b26dc039577) Importer(2089858483,0ecaa5967403d082aa24f35e1b516d23)  -> (artifact id: 'e043c5a2d199b0caaa5c83bd5c354911') in 0.062157 seconds
Number of updated asset objects reloaded before import = 0
Number of asset objects unloaded after import = 10
========================================================================
Received Import Request.
  Time since last request: 0.000813 seconds.
  path: Assets/SkySeries Freebie/ExampleScenes/SceneObjects/6_10.mat
  artifactKey: Guid(abcc3c67b7d0a794f8bb91be4e85abdd) Importer(2089858483,0ecaa5967403d082aa24f35e1b516d23)
Start importing Assets/SkySeries Freebie/ExampleScenes/SceneObjects/6_10.mat using Guid(abcc3c67b7d0a794f8bb91be4e85abdd) Importer(2089858483,0ecaa5967403d082aa24f35e1b516d23)  -> (artifact id: 'b078933133bc232769449cd5c49638cc') in 0.073827 seconds
Number of updated asset objects reloaded before import = 0
Number of asset objects unloaded after import = 1
========================================================================
Received Import Request.
  Time since last request: 0.000091 seconds.
  path: Assets/Kevin Iglesias/Zombie Animations/Animations/Zombie@Idle01_Action01.fbx
  artifactKey: Guid(0bbc0899b279757469ab34f7c46f2c04) Importer(2089858483,0ecaa5967403d082aa24f35e1b516d23)
Start importing Assets/Kevin Iglesias/Zombie Animations/Animations/Zombie@Idle01_Action01.fbx using Guid(0bbc0899b279757469ab34f7c46f2c04) Importer(2089858483,0ecaa5967403d082aa24f35e1b516d23)  -> (artifact id: '1934fe35eae248c94ee40cee5359a6ec') in 0.113822 seconds
Number of updated asset objects reloaded before import = 0
Number of asset objects unloaded after import = 130
========================================================================
Received Import Request.
  Time since last request: 0.000033 seconds.
  path: Assets/Parkgarage/Prefabs/bench
  artifactKey: Guid(78951814ddfc93c49ada5c25cd4a1dcb) Importer(2089858483,0ecaa5967403d082aa24f35e1b516d23)
Start importing Assets/Parkgarage/Prefabs/bench using Guid(78951814ddfc93c49ada5c25cd4a1dcb) Importer(2089858483,0ecaa5967403d082aa24f35e1b516d23)  -> (artifact id: '83a0e3b642dd0d573deffdbc4a325578') in 0.027161 seconds
Number of updated asset objects reloaded before import = 0
Number of asset objects unloaded after import = 1
========================================================================
Received Import Request.
  Time since last request: 0.000042 seconds.
  path: Assets/Imports/TowerDefenceAssets/Materials/Demo Scene
  artifactKey: Guid(6cb7a54391524384dad7d20ec907b909) Importer(2089858483,0ecaa5967403d082aa24f35e1b516d23)
Start importing Assets/Imports/TowerDefenceAssets/Materials/Demo Scene using Guid(6cb7a54391524384dad7d20ec907b909) Importer(2089858483,0ecaa5967403d082aa24f35e1b516d23)  -> (artifact id: '61b7801e7318afbd4b1b828fdbb72466') in 0.027639 seconds
Number of updated asset objects reloaded before import = 0
Number of asset objects unloaded after import = 1
========================================================================
Received Import Request.
  Time since last request: 0.000040 seconds.
  path: Assets/Parkgarage/Prefabs/signs/mesh
  artifactKey: Guid(b6ece303b632e294784a878657513861) Importer(2089858483,0ecaa5967403d082aa24f35e1b516d23)
Start importing Assets/Parkgarage/Prefabs/signs/mesh using Guid(b6ece303b632e294784a878657513861) Importer(2089858483,0ecaa5967403d082aa24f35e1b516d23)  -> (artifact id: 'cccb2c1b7cdd38717da47edb299a8be5') in 0.023267 seconds
Number of updated asset objects reloaded before import = 0
Number of asset objects unloaded after import = 1
========================================================================
Received Import Request.
  Time since last request: 0.000031 seconds.
  path: Assets/Kevin Iglesias/Zombie Animations/Prefabs/Zombie.prefab
  artifactKey: Guid(f99bbd0754201f448b27f0c455b92b76) Importer(2089858483,0ecaa5967403d082aa24f35e1b516d23)
Start importing Assets/Kevin Iglesias/Zombie Animations/Prefabs/Zombie.prefab using Guid(f99bbd0754201f448b27f0c455b92b76) Importer(2089858483,0ecaa5967403d082aa24f35e1b516d23)  -> (artifact id: '3b9c76a2a23b7543500e4864ee78bced') in 0.067274 seconds
Number of updated asset objects reloaded before import = 0
Number of asset objects unloaded after import = 136
========================================================================
Received Import Request.
  Time since last request: 0.000889 seconds.
  path: Assets/SkySeries Freebie/SunlessCirruscover.mat
  artifactKey: Guid(4e154bf235e41704bbd6bbc6fd6c63f6) Importer(2089858483,0ecaa5967403d082aa24f35e1b516d23)
Start importing Assets/SkySeries Freebie/SunlessCirruscover.mat using Guid(4e154bf235e41704bbd6bbc6fd6c63f6) Importer(2089858483,0ecaa5967403d082aa24f35e1b516d23)  -> (artifact id: 'd3d060038598657bc8cb200a1cbf3b39') in 0.159925 seconds
Number of updated asset objects reloaded before import = 0
Number of asset objects unloaded after import = 2
========================================================================
Received Import Request.
  Time since last request: 0.000037 seconds.
  path: Assets/Little_GhostLP(FREE)/FBX
  artifactKey: Guid(3d3ab0f265ca8364084828031ed3323b) Importer(2089858483,0ecaa5967403d082aa24f35e1b516d23)
Start importing Assets/Little_GhostLP(FREE)/FBX using Guid(3d3ab0f265ca8364084828031ed3323b) Importer(2089858483,0ecaa5967403d082aa24f35e1b516d23)  -> (artifact id: '3f7b3720941a5d6e9a55934dc60ea5b1') in 0.020080 seconds
Number of updated asset objects reloaded before import = 0
Number of asset objects unloaded after import = 1
========================================================================
Received Import Request.
  Time since last request: 0.000042 seconds.
  path: Assets/Parkgarage/Prefabs/Tree/Materials/Wood.mat
  artifactKey: Guid(599266a049ff2d448b3ddd73a98f14c3) Importer(2089858483,0ecaa5967403d082aa24f35e1b516d23)
Start importing Assets/Parkgarage/Prefabs/Tree/Materials/Wood.mat using Guid(599266a049ff2d448b3ddd73a98f14c3) Importer(2089858483,0ecaa5967403d082aa24f35e1b516d23)  -> (artifact id: '7799337317a1bd770d17315ccebfbcf8') in 0.102290 seconds
Number of updated asset objects reloaded before import = 0
Number of asset objects unloaded after import = 3
========================================================================
Received Import Request.
  Time since last request: 0.002372 seconds.
  path: Assets/Imports/BigRookGames/_AssetPacks/Stylized Weapon Pack/Stylized Rocket Launcher/Materials
  artifactKey: Guid(39a84465f42633b449b503e8606ad3fe) Importer(2089858483,0ecaa5967403d082aa24f35e1b516d23)
Start importing Assets/Imports/BigRookGames/_AssetPacks/Stylized Weapon Pack/Stylized Rocket Launcher/Materials using Guid(39a84465f42633b449b503e8606ad3fe) Importer(2089858483,0ecaa5967403d082aa24f35e1b516d23)  -> (artifact id: '24104cb937c6a65847737b7708e85295') in 0.038679 seconds
Number of updated asset objects reloaded before import = 0
Number of asset objects unloaded after import = 1
========================================================================
Received Import Request.
  Time since last request: 0.000764 seconds.
  path: Assets/Scenes/GameOver.unity
  artifactKey: Guid(327ef1f9698bbf642af041bb8399cc94) Importer(2089858483,0ecaa5967403d082aa24f35e1b516d23)
Start importing Assets/Scenes/GameOver.unity using Guid(327ef1f9698bbf642af041bb8399cc94) Importer(2089858483,0ecaa5967403d082aa24f35e1b516d23)  -> (artifact id: 'c4847e570a4ad3538728cff9ddf5a88e') in 0.035259 seconds
Number of updated asset objects reloaded before import = 0
Number of asset objects unloaded after import = 1
========================================================================
Received Import Request.
  Time since last request: 0.002829 seconds.
  path: Assets/Imports/TowerDefenceAssets/Prefabs
  artifactKey: Guid(31344a6399edcfe4abefd52e12eb3216) Importer(2089858483,0ecaa5967403d082aa24f35e1b516d23)
Start importing Assets/Imports/TowerDefenceAssets/Prefabs using Guid(31344a6399edcfe4abefd52e12eb3216) Importer(2089858483,0ecaa5967403d082aa24f35e1b516d23)  -> (artifact id: 'ab8db03e10fdd92627f0b12b59806c65') in 0.045096 seconds
Number of updated asset objects reloaded before import = 0
Number of asset objects unloaded after import = 1
========================================================================
Received Import Request.
  Time since last request: 0.000036 seconds.
  path: Assets/Imports/European Buildings/Materials/fasade_7.mat
  artifactKey: Guid(2113ddfbea964af478849c499ddd366a) Importer(2089858483,0ecaa5967403d082aa24f35e1b516d23)
Start importing Assets/Imports/European Buildings/Materials/fasade_7.mat using Guid(2113ddfbea964af478849c499ddd366a) Importer(2089858483,0ecaa5967403d082aa24f35e1b516d23)  -> (artifact id: 'd916a4890b3cf1ea8d622ec755494f8e') in 0.037974 seconds
Number of updated asset objects reloaded before import = 0
Number of asset objects unloaded after import = 1
========================================================================
Received Import Request.
  Time since last request: 0.001344 seconds.
  path: Assets/Imports/TowerDefenceAssets/Prefabs/Guns/Gun_9.prefab
  artifactKey: Guid(9f6a601593abdf344a9e210dc746259b) Importer(2089858483,0ecaa5967403d082aa24f35e1b516d23)
Start importing Assets/Imports/TowerDefenceAssets/Prefabs/Guns/Gun_9.prefab using Guid(9f6a601593abdf344a9e210dc746259b) Importer(2089858483,0ecaa5967403d082aa24f35e1b516d23)  -> (artifact id: 'e6e415775d835688983bd31b67163c1b') in 0.078199 seconds
Number of updated asset objects reloaded before import = 0
Number of asset objects unloaded after import = 34
========================================================================
Received Import Request.
  Time since last request: 0.000483 seconds.
  path: Assets/Parkgarage/Prefabs/bench/Materials
  artifactKey: Guid(f9c6c24c49c486b4db3e41c32f4f924d) Importer(2089858483,0ecaa5967403d082aa24f35e1b516d23)
Start importing Assets/Parkgarage/Prefabs/bench/Materials using Guid(f9c6c24c49c486b4db3e41c32f4f924d) Importer(2089858483,0ecaa5967403d082aa24f35e1b516d23)  -> (artifact id: '9332c70d5f90024b7e2820bb8b81aa97') in 0.028958 seconds
Number of updated asset objects reloaded before import = 0
Number of asset objects unloaded after import = 1
========================================================================
Received Import Request.
  Time since last request: 0.000577 seconds.
  path: Assets/Weapons/Materials/Red.mat
  artifactKey: Guid(eb4dfa1a6e3304bfebe46dce0e70640c) Importer(2089858483,0ecaa5967403d082aa24f35e1b516d23)
Start importing Assets/Weapons/Materials/Red.mat using Guid(eb4dfa1a6e3304bfebe46dce0e70640c) Importer(2089858483,0ecaa5967403d082aa24f35e1b516d23)  -> (artifact id: 'f680fc4bbdcb11eb5e209066081b0b53') in 0.054917 seconds
Number of updated asset objects reloaded before import = 0
Number of asset objects unloaded after import = 1
========================================================================
Received Import Request.
  Time since last request: 0.000027 seconds.
  path: Assets/Parkgarage/Prefabs/lamps/streetLight_prefab.prefab
  artifactKey: Guid(e1ce15ff081e59f45882cb191931be06) Importer(2089858483,0ecaa5967403d082aa24f35e1b516d23)
Start importing Assets/Parkgarage/Prefabs/lamps/streetLight_prefab.prefab using Guid(e1ce15ff081e59f45882cb191931be06) Importer(2089858483,0ecaa5967403d082aa24f35e1b516d23)  -> (artifact id: '5ee35dea74c541c7dc3dddebf9a50ddf') in 0.034342 seconds
Number of updated asset objects reloaded before import = 0
Number of asset objects unloaded after import = 28
========================================================================
Received Import Request.
  Time since last request: 0.000024 seconds.
  path: Assets/Imports/BigRookGames/_AssetPacks/Stylized Weapon Pack
  artifactKey: Guid(5adce831f08b6a94fa56e9a37b00430e) Importer(2089858483,0ecaa5967403d082aa24f35e1b516d23)
Start importing Assets/Imports/BigRookGames/_AssetPacks/Stylized Weapon Pack using Guid(5adce831f08b6a94fa56e9a37b00430e) Importer(2089858483,0ecaa5967403d082aa24f35e1b516d23)  -> (artifact id: '7789037f5b493b79bebe1bf8eea7dfa7') in 0.014279 seconds
Number of updated asset objects reloaded before import = 0
Number of asset objects unloaded after import = 1
========================================================================
Received Import Request.
  Time since last request: 0.000046 seconds.
  path: Assets/Imports/BigRookGames/_AssetPacks/Stylized Weapon Pack/Stylized Rocket Launcher/Models/Rocket_Launcher.fbx
  artifactKey: Guid(4311dac403f1e004db14392e31c92415) Importer(2089858483,0ecaa5967403d082aa24f35e1b516d23)
Start importing Assets/Imports/BigRookGames/_AssetPacks/Stylized Weapon Pack/Stylized Rocket Launcher/Models/Rocket_Launcher.fbx using Guid(4311dac403f1e004db14392e31c92415) Importer(2089858483,0ecaa5967403d082aa24f35e1b516d23)  -> (artifact id: '7f1b3292cf62acd6a8bc7f09c81f4874') in 0.055141 seconds
Number of updated asset objects reloaded before import = 0
Number of asset objects unloaded after import = 12
========================================================================
Received Import Request.
  Time since last request: 0.000039 seconds.
  path: Assets/Kevin Iglesias/Zombie Animations/Materials/ZombieTexture.tga
  artifactKey: Guid(daa68963c6dee2d46b3a0ad72d689a7c) Importer(2089858483,0ecaa5967403d082aa24f35e1b516d23)
Start importing Assets/Kevin Iglesias/Zombie Animations/Materials/ZombieTexture.tga using Guid(daa68963c6dee2d46b3a0ad72d689a7c) Importer(2089858483,0ecaa5967403d082aa24f35e1b516d23)  -> (artifact id: 'f3be207135a2ce258da8abca33f68928') in 0.103857 seconds
Number of updated asset objects reloaded before import = 0
Number of asset objects unloaded after import = 1
========================================================================
Received Import Request.
  Time since last request: 0.000024 seconds.
  path: Assets/Little_GhostLP(FREE)/Prefabs/LittleGhost_LP (2).prefab
  artifactKey: Guid(36621476210b2c649b8aeea96b7c2587) Importer(2089858483,0ecaa5967403d082aa24f35e1b516d23)
Start importing Assets/Little_GhostLP(FREE)/Prefabs/LittleGhost_LP (2).prefab using Guid(36621476210b2c649b8aeea96b7c2587) Importer(2089858483,0ecaa5967403d082aa24f35e1b516d23)  -> (artifact id: '48b026219cbbcdce8039bb72c48d77f6') in 0.047199 seconds
Number of updated asset objects reloaded before import = 0
Number of asset objects unloaded after import = 53
========================================================================
Received Import Request.
  Time since last request: 0.000042 seconds.
  path: Assets/Imports/Bublik/Simple Modular Castle Assets/Demo.unity
  artifactKey: Guid(33658e9c3f662cb42aa008e211f9be20) Importer(2089858483,0ecaa5967403d082aa24f35e1b516d23)
Start importing Assets/Imports/Bublik/Simple Modular Castle Assets/Demo.unity using Guid(33658e9c3f662cb42aa008e211f9be20) Importer(2089858483,0ecaa5967403d082aa24f35e1b516d23)  -> (artifact id: '799355c66e6c12a973eff9a80bc72443') in 0.024783 seconds
Number of updated asset objects reloaded before import = 0
Number of asset objects unloaded after import = 1
========================================================================
Received Import Request.
  Time since last request: 0.000049 seconds.
  path: Assets/Little_GhostLP(FREE)/Material/Axe
  artifactKey: Guid(1dbb379968f2af14d922f47289955e0d) Importer(2089858483,0ecaa5967403d082aa24f35e1b516d23)
Start importing Assets/Little_GhostLP(FREE)/Material/Axe using Guid(1dbb379968f2af14d922f47289955e0d) Importer(2089858483,0ecaa5967403d082aa24f35e1b516d23)  -> (artifact id: '756ec77a7b65131995fb59376c12a6d8') in 0.020513 seconds
Number of updated asset objects reloaded before import = 0
Number of asset objects unloaded after import = 1
========================================================================
Received Import Request.
  Time since last request: 0.000119 seconds.
  path: Assets/Imports/TowerDefenceAssets/Prefabs/Guns/Gun_7.prefab
  artifactKey: Guid(2e94b57c1e8f7984abf82de9cce230ac) Importer(2089858483,0ecaa5967403d082aa24f35e1b516d23)
Start importing Assets/Imports/TowerDefenceAssets/Prefabs/Guns/Gun_7.prefab using Guid(2e94b57c1e8f7984abf82de9cce230ac) Importer(2089858483,0ecaa5967403d082aa24f35e1b516d23)  -> (artifact id: '21938a33e7196e6c59d6a65943b40a62') in 0.059270 seconds
Number of updated asset objects reloaded before import = 0
Number of asset objects unloaded after import = 28
========================================================================
Received Import Request.
  Time since last request: 0.000055 seconds.
  path: Assets/Kevin Iglesias/Zombie Animations/AnimatorControllers/Zombie@Death.controller
  artifactKey: Guid(6882b6fda1ca307409d32a3839b91e64) Importer(2089858483,0ecaa5967403d082aa24f35e1b516d23)
Start importing Assets/Kevin Iglesias/Zombie Animations/AnimatorControllers/Zombie@Death.controller using Guid(6882b6fda1ca307409d32a3839b91e64) Importer(2089858483,0ecaa5967403d082aa24f35e1b516d23)  -> (artifact id: 'b8e05a36cf9b713166349cc479f1c7c7') in 0.026859 seconds
Number of updated asset objects reloaded before import = 0
Number of asset objects unloaded after import = 5
========================================================================
Received Import Request.
  Time since last request: 0.000020 seconds.
  path: Assets/Kevin Iglesias/Zombie Animations/Animations/Zombie@Walk01.fbx
  artifactKey: Guid(1621ac1817ce8ec4e8f03177b169b81a) Importer(2089858483,0ecaa5967403d082aa24f35e1b516d23)
Start importing Assets/Kevin Iglesias/Zombie Animations/Animations/Zombie@Walk01.fbx using Guid(1621ac1817ce8ec4e8f03177b169b81a) Importer(2089858483,0ecaa5967403d082aa24f35e1b516d23)  -> (artifact id: '42c4404e3eeae22c25cc87b68444abb0') in 0.047753 seconds
Number of updated asset objects reloaded before import = 0
Number of asset objects unloaded after import = 131
========================================================================
Received Import Request.
  Time since last request: 0.000023 seconds.
  path: Assets/Little_GhostLP(FREE)/Scenes/Demo.unity
  artifactKey: Guid(220dfe378d012f04990d10d08919dfd4) Importer(2089858483,0ecaa5967403d082aa24f35e1b516d23)
Start importing Assets/Little_GhostLP(FREE)/Scenes/Demo.unity using Guid(220dfe378d012f04990d10d08919dfd4) Importer(2089858483,0ecaa5967403d082aa24f35e1b516d23)  -> (artifact id: '4e8e546c36c097f19049ad106de42c36') in 0.015123 seconds
Number of updated asset objects reloaded before import = 0
Number of asset objects unloaded after import = 1
========================================================================
Received Import Request.
  Time since last request: 0.000029 seconds.
  path: Assets/Imports/Bublik/Simple Modular Castle Assets/Materials/HDRP
  artifactKey: Guid(4586fdf2bf8f08049a423128c0fbc838) Importer(2089858483,0ecaa5967403d082aa24f35e1b516d23)
Start importing Assets/Imports/Bublik/Simple Modular Castle Assets/Materials/HDRP using Guid(4586fdf2bf8f08049a423128c0fbc838) Importer(2089858483,0ecaa5967403d082aa24f35e1b516d23)  -> (artifact id: '131d9ff3f6dd4f8c08d1c564dc046eaf') in 0.018850 seconds
Number of updated asset objects reloaded before import = 0
Number of asset objects unloaded after import = 1
========================================================================
Received Import Request.
  Time since last request: 0.003331 seconds.
  path: Assets/BigRookGames Holder/VFX/Lights/RocketFireLight.prefab
  artifactKey: Guid(a91676991de102c4c8d1928a86ad4e5e) Importer(2089858483,0ecaa5967403d082aa24f35e1b516d23)
Start importing Assets/BigRookGames Holder/VFX/Lights/RocketFireLight.prefab using Guid(a91676991de102c4c8d1928a86ad4e5e) Importer(2089858483,0ecaa5967403d082aa24f35e1b516d23)  -> (artifact id: 'c87991448bf4a86321258ae8436bfaf5') in 0.066267 seconds
Number of updated asset objects reloaded before import = 0
Number of asset objects unloaded after import = 5
========================================================================
Received Import Request.
  Time since last request: 0.000040 seconds.
  path: Assets/Parkgarage/Prefabs/parkgarage/Textures
  artifactKey: Guid(7cf8be9a450342a459a1f29ede922426) Importer(2089858483,0ecaa5967403d082aa24f35e1b516d23)
Start importing Assets/Parkgarage/Prefabs/parkgarage/Textures using Guid(7cf8be9a450342a459a1f29ede922426) Importer(2089858483,0ecaa5967403d082aa24f35e1b516d23)  -> (artifact id: '2fa324d88a9a2c3b395a59500d2eaeb5') in 0.011997 seconds
Number of updated asset objects reloaded before import = 0
Number of asset objects unloaded after import = 1
========================================================================
Received Import Request.
  Time since last request: 0.000022 seconds.
  path: Assets/Imports/European Buildings/Decorations/road_intersection_T.prefab
  artifactKey: Guid(0e54e929b4b02524ea00279b82ab4a6e) Importer(2089858483,0ecaa5967403d082aa24f35e1b516d23)
Start importing Assets/Imports/European Buildings/Decorations/road_intersection_T.prefab using Guid(0e54e929b4b02524ea00279b82ab4a6e) Importer(2089858483,0ecaa5967403d082aa24f35e1b516d23)  -> (artifact id: 'a20b21efca40c0ef071f7ab0330fa8a5') in 0.060439 seconds
Number of updated asset objects reloaded before import = 0
Number of asset objects unloaded after import = 8
========================================================================
Received Import Request.
  Time since last request: 0.000027 seconds.
  path: Assets/Parkgarage/Prefabs/lamps/Materials/In_top_surface.mat
  artifactKey: Guid(eb0e0b042c2d3104c90c63fb0cf18d7f) Importer(2089858483,0ecaa5967403d082aa24f35e1b516d23)
Start importing Assets/Parkgarage/Prefabs/lamps/Materials/In_top_surface.mat using Guid(eb0e0b042c2d3104c90c63fb0cf18d7f) Importer(2089858483,0ecaa5967403d082aa24f35e1b516d23)  -> (artifact id: '2484f90ad498d955567f847fd0de6dea') in 0.028627 seconds
Number of updated asset objects reloaded before import = 0
Number of asset objects unloaded after import = 1
========================================================================
Received Import Request.
  Time since last request: 272.548522 seconds.
  path: Assets/Scenes/Main.unity
  artifactKey: Guid(d764066c25f5fff4b8b0aed1997b264b) Importer(2089858483,0ecaa5967403d082aa24f35e1b516d23)
Start importing Assets/Scenes/Main.unity using Guid(d764066c25f5fff4b8b0aed1997b264b) Importer(2089858483,0ecaa5967403d082aa24f35e1b516d23)  -> (artifact id: 'c944353d5de29247d4601f1539995dd0') in 0.017011 seconds
Number of updated asset objects reloaded before import = 0
Number of asset objects unloaded after import = 1
========================================================================
Received Prepare
Begin MonoManager ReloadAssembly
- Loaded All Assemblies, in  0.676 seconds
Refreshing native plugins compatible for Editor in 6.97 ms, found 4 plugins.
Native extension for WindowsStandalone target not found
Native extension for WebGL target not found
Mono: successfully reloaded assembly
- Finished resetting the current domain, in  3.908 seconds
Domain Reload Profiling: 4580ms
	BeginReloadAssembly (227ms)
		ExecutionOrderSort (0ms)
		DisableScriptedObjects (6ms)
		BackupInstance (0ms)
		ReleaseScriptingObjects (0ms)
		CreateAndSetChildDomain (54ms)
	RebuildCommonClasses (67ms)
	RebuildNativeTypeToScriptingClass (17ms)
	initialDomainReloadingComplete (44ms)
	LoadAllAssembliesAndSetupDomain (315ms)
		LoadAssemblies (422ms)
		RebuildTransferFunctionScriptingTraits (0ms)
		AnalyzeDomain (21ms)
			TypeCache.Refresh (8ms)
				TypeCache.ScanAssembly (0ms)
			ScanForSourceGeneratedMonoScriptInfo (0ms)
			ResolveRequiredComponents (9ms)
	FinalizeReload (3909ms)
		ReleaseScriptCaches (0ms)
		RebuildScriptCaches (0ms)
		SetupLoadedEditorAssemblies (1043ms)
			LogAssemblyErrors (0ms)
			InitializePlatformSupportModulesInManaged (19ms)
			SetLoadedEditorAssemblies (8ms)
			RefreshPlugins (0ms)
			BeforeProcessingInitializeOnLoad (161ms)
			ProcessInitializeOnLoadAttributes (780ms)
			ProcessInitializeOnLoadMethodAttributes (55ms)
			AfterProcessingInitializeOnLoad (19ms)
			EditorAssembliesLoaded (1ms)
		ExecutionOrderSort2 (0ms)
		AwakeInstancesAfterBackupRestoration (18ms)
Refreshing native plugins compatible for Editor in 8.84 ms, found 4 plugins.
Preloading 0 native plugins for Editor in 0.00 ms.
Unloading 3593 Unused Serialized files (Serialized files now loaded: 0)
Unloading 35 unused Assets / (63.9 KB). Loaded Objects now: 4136.
Memory consumption went from 227.4 MB to 227.3 MB.
Total: 7.854700 ms (FindLiveObjects: 0.722800 ms CreateObjectMapping: 1.320500 ms MarkObjects: 5.605300 ms  DeleteObjects: 0.204400 ms)

Prepare: number of updated asset objects reloaded= 0
AssetImportParameters requested are different than current active one (requested -> active):
  custom:container-demuxer-ogg: 62fdf1f143b41e24485cea50d1cbac27 -> 
  custom:video-codec-MediaFoundation-h265: 746d11721c4dcdbdad8f713fa42b33f4 -> 
  custom:video-decoder-ogg-theora: a1e56fd34408186e4bbccfd4996cb3dc -> 
  custom:framework-win-MediaFoundation: 216162199b28c13a410421893ffa2e32 -> 
  custom:CustomObjectIndexerAttribute: 9a22284fe3817be447336de3de66b15e -> 
  custom:container-demuxer-webm: 4f35f7cbe854078d1ac9338744f61a02 -> 
  custom:container-muxer-webm: aa71ff27fc2769a1b78a27578f13a17b -> 
  custom:video-decoder-webm-vp8: 9c59270c3fd7afecdb556c50c9e8de78 -> 
  custom:SearchIndexIgnoredProperties: e643bd26f0fe6173181afceb89e7c659 -> 
  custom:AudioImporter_EditorPlatform: d09bf68614088b80899f8185d706f6e7 -> 
  custom:video-encoder-webm-vp8: eb34c28f22e8b96e1ab97ce403110664 -> 
  custom:audio-decoder-ogg-vorbis: bf7c407c2cedff20999df2af8eb42d56 -> 
  custom:audio-encoder-webm-vorbis: bf7c407c2cedff20999df2af8eb42d56 -> 
========================================================================
Received Prepare
Begin MonoManager ReloadAssembly
- Loaded All Assemblies, in  0.691 seconds
Refreshing native plugins compatible for Editor in 8.29 ms, found 4 plugins.
Native extension for WindowsStandalone target not found
Native extension for WebGL target not found
Mono: successfully reloaded assembly
- Finished resetting the current domain, in  1.356 seconds
Domain Reload Profiling: 2039ms
	BeginReloadAssembly (210ms)
		ExecutionOrderSort (0ms)
		DisableScriptedObjects (7ms)
		BackupInstance (0ms)
		ReleaseScriptingObjects (0ms)
		CreateAndSetChildDomain (41ms)
	RebuildCommonClasses (46ms)
	RebuildNativeTypeToScriptingClass (20ms)
	initialDomainReloadingComplete (54ms)
	LoadAllAssembliesAndSetupDomain (353ms)
		LoadAssemblies (448ms)
		RebuildTransferFunctionScriptingTraits (0ms)
		AnalyzeDomain (25ms)
			TypeCache.Refresh (11ms)
				TypeCache.ScanAssembly (0ms)
			ScanForSourceGeneratedMonoScriptInfo (0ms)
			ResolveRequiredComponents (10ms)
	FinalizeReload (1357ms)
		ReleaseScriptCaches (0ms)
		RebuildScriptCaches (0ms)
		SetupLoadedEditorAssemblies (494ms)
			LogAssemblyErrors (0ms)
			InitializePlatformSupportModulesInManaged (9ms)
			SetLoadedEditorAssemblies (3ms)
			RefreshPlugins (0ms)
			BeforeProcessingInitializeOnLoad (75ms)
			ProcessInitializeOnLoadAttributes (367ms)
			ProcessInitializeOnLoadMethodAttributes (29ms)
			AfterProcessingInitializeOnLoad (11ms)
			EditorAssembliesLoaded (0ms)
		ExecutionOrderSort2 (0ms)
		AwakeInstancesAfterBackupRestoration (7ms)
Refreshing native plugins compatible for Editor in 10.14 ms, found 4 plugins.
Preloading 0 native plugins for Editor in 0.00 ms.
Unloading 3594 Unused Serialized files (Serialized files now loaded: 0)
Unloading 34 unused Assets / (35.2 KB). Loaded Objects now: 4140.
Memory consumption went from 229.6 MB to 229.5 MB.
Total: 3.741600 ms (FindLiveObjects: 0.384000 ms CreateObjectMapping: 0.424400 ms MarkObjects: 2.859300 ms  DeleteObjects: 0.072700 ms)

Prepare: number of updated asset objects reloaded= 0
AssetImportParameters requested are different than current active one (requested -> active):
  custom:container-demuxer-ogg: 62fdf1f143b41e24485cea50d1cbac27 -> 
  custom:video-codec-MediaFoundation-h265: 746d11721c4dcdbdad8f713fa42b33f4 -> 
  custom:video-decoder-ogg-theora: a1e56fd34408186e4bbccfd4996cb3dc -> 
  custom:framework-win-MediaFoundation: 216162199b28c13a410421893ffa2e32 -> 
  custom:CustomObjectIndexerAttribute: 9a22284fe3817be447336de3de66b15e -> 
  custom:container-demuxer-webm: 4f35f7cbe854078d1ac9338744f61a02 -> 
  custom:container-muxer-webm: aa71ff27fc2769a1b78a27578f13a17b -> 
  custom:video-decoder-webm-vp8: 9c59270c3fd7afecdb556c50c9e8de78 -> 
  custom:SearchIndexIgnoredProperties: e643bd26f0fe6173181afceb89e7c659 -> 
  custom:AudioImporter_EditorPlatform: d09bf68614088b80899f8185d706f6e7 -> 
  custom:video-encoder-webm-vp8: eb34c28f22e8b96e1ab97ce403110664 -> 
  custom:audio-decoder-ogg-vorbis: bf7c407c2cedff20999df2af8eb42d56 -> 
  custom:audio-encoder-webm-vorbis: bf7c407c2cedff20999df2af8eb42d56 -> 
========================================================================
Received Prepare
Begin MonoManager ReloadAssembly
- Loaded All Assemblies, in  0.648 seconds
Refreshing native plugins compatible for Editor in 6.46 ms, found 4 plugins.
Native extension for WindowsStandalone target not found
Native extension for WebGL target not found
Mono: successfully reloaded assembly
- Finished resetting the current domain, in  2.591 seconds
Domain Reload Profiling: 3234ms
	BeginReloadAssembly (215ms)
		ExecutionOrderSort (0ms)
		DisableScriptedObjects (6ms)
		BackupInstance (0ms)
		ReleaseScriptingObjects (0ms)
		CreateAndSetChildDomain (42ms)
	RebuildCommonClasses (51ms)
	RebuildNativeTypeToScriptingClass (15ms)
	initialDomainReloadingComplete (42ms)
	LoadAllAssembliesAndSetupDomain (318ms)
		LoadAssemblies (427ms)
		RebuildTransferFunctionScriptingTraits (0ms)
		AnalyzeDomain (19ms)
			TypeCache.Refresh (8ms)
				TypeCache.ScanAssembly (0ms)
			ScanForSourceGeneratedMonoScriptInfo (0ms)
			ResolveRequiredComponents (8ms)
	FinalizeReload (2593ms)
		ReleaseScriptCaches (0ms)
		RebuildScriptCaches (0ms)
		SetupLoadedEditorAssemblies (1066ms)
			LogAssemblyErrors (0ms)
			InitializePlatformSupportModulesInManaged (22ms)
			SetLoadedEditorAssemblies (9ms)
			RefreshPlugins (0ms)
			BeforeProcessingInitializeOnLoad (149ms)
			ProcessInitializeOnLoadAttributes (802ms)
			ProcessInitializeOnLoadMethodAttributes (62ms)
			AfterProcessingInitializeOnLoad (22ms)
			EditorAssembliesLoaded (0ms)
		ExecutionOrderSort2 (0ms)
		AwakeInstancesAfterBackupRestoration (20ms)
Refreshing native plugins compatible for Editor in 17.56 ms, found 4 plugins.
Preloading 0 native plugins for Editor in 0.00 ms.
Unloading 3594 Unused Serialized files (Serialized files now loaded: 0)
Unloading 34 unused Assets / (35.3 KB). Loaded Objects now: 4144.
Memory consumption went from 231.5 MB to 231.5 MB.
Total: 6.129000 ms (FindLiveObjects: 1.162200 ms CreateObjectMapping: 0.731100 ms MarkObjects: 4.074400 ms  DeleteObjects: 0.158900 ms)

Prepare: number of updated asset objects reloaded= 0
AssetImportParameters requested are different than current active one (requested -> active):
  custom:container-demuxer-ogg: 62fdf1f143b41e24485cea50d1cbac27 -> 
  custom:video-codec-MediaFoundation-h265: 746d11721c4dcdbdad8f713fa42b33f4 -> 
  custom:video-decoder-ogg-theora: a1e56fd34408186e4bbccfd4996cb3dc -> 
  custom:framework-win-MediaFoundation: 216162199b28c13a410421893ffa2e32 -> 
  custom:CustomObjectIndexerAttribute: 9a22284fe3817be447336de3de66b15e -> 
  custom:container-demuxer-webm: 4f35f7cbe854078d1ac9338744f61a02 -> 
  custom:container-muxer-webm: aa71ff27fc2769a1b78a27578f13a17b -> 
  custom:video-decoder-webm-vp8: 9c59270c3fd7afecdb556c50c9e8de78 -> 
  custom:SearchIndexIgnoredProperties: e643bd26f0fe6173181afceb89e7c659 -> 
  custom:AudioImporter_EditorPlatform: d09bf68614088b80899f8185d706f6e7 -> 
  custom:video-encoder-webm-vp8: eb34c28f22e8b96e1ab97ce403110664 -> 
  custom:audio-decoder-ogg-vorbis: bf7c407c2cedff20999df2af8eb42d56 -> 
  custom:audio-encoder-webm-vorbis: bf7c407c2cedff20999df2af8eb42d56 -> 
========================================================================
Received Prepare
Begin MonoManager ReloadAssembly
- Loaded All Assemblies, in  0.623 seconds
Refreshing native plugins compatible for Editor in 7.86 ms, found 4 plugins.
Native extension for WindowsStandalone target not found
Native extension for WebGL target not found
Mono: successfully reloaded assembly
- Finished resetting the current domain, in  2.191 seconds
Domain Reload Profiling: 2811ms
	BeginReloadAssembly (204ms)
		ExecutionOrderSort (0ms)
		DisableScriptedObjects (7ms)
		BackupInstance (0ms)
		ReleaseScriptingObjects (0ms)
		CreateAndSetChildDomain (43ms)
	RebuildCommonClasses (48ms)
	RebuildNativeTypeToScriptingClass (13ms)
	initialDomainReloadingComplete (51ms)
	LoadAllAssembliesAndSetupDomain (303ms)
		LoadAssemblies (392ms)
		RebuildTransferFunctionScriptingTraits (0ms)
		AnalyzeDomain (23ms)
			TypeCache.Refresh (10ms)
				TypeCache.ScanAssembly (0ms)
			ScanForSourceGeneratedMonoScriptInfo (0ms)
			ResolveRequiredComponents (8ms)
	FinalizeReload (2192ms)
		ReleaseScriptCaches (0ms)
		RebuildScriptCaches (0ms)
		SetupLoadedEditorAssemblies (1153ms)
			LogAssemblyErrors (0ms)
			InitializePlatformSupportModulesInManaged (22ms)
			SetLoadedEditorAssemblies (8ms)
			RefreshPlugins (0ms)
			BeforeProcessingInitializeOnLoad (239ms)
			ProcessInitializeOnLoadAttributes (809ms)
			ProcessInitializeOnLoadMethodAttributes (53ms)
			AfterProcessingInitializeOnLoad (21ms)
			EditorAssembliesLoaded (0ms)
		ExecutionOrderSort2 (0ms)
		AwakeInstancesAfterBackupRestoration (10ms)
Refreshing native plugins compatible for Editor in 14.97 ms, found 4 plugins.
Preloading 0 native plugins for Editor in 0.00 ms.
Unloading 3594 Unused Serialized files (Serialized files now loaded: 0)
Unloading 34 unused Assets / (35.2 KB). Loaded Objects now: 4148.
Memory consumption went from 233.4 MB to 233.4 MB.
Total: 6.769200 ms (FindLiveObjects: 0.830300 ms CreateObjectMapping: 0.627500 ms MarkObjects: 5.212900 ms  DeleteObjects: 0.094800 ms)

Prepare: number of updated asset objects reloaded= 0
AssetImportParameters requested are different than current active one (requested -> active):
  custom:container-demuxer-ogg: 62fdf1f143b41e24485cea50d1cbac27 -> 
  custom:video-codec-MediaFoundation-h265: 746d11721c4dcdbdad8f713fa42b33f4 -> 
  custom:video-decoder-ogg-theora: a1e56fd34408186e4bbccfd4996cb3dc -> 
  custom:framework-win-MediaFoundation: 216162199b28c13a410421893ffa2e32 -> 
  custom:CustomObjectIndexerAttribute: 9a22284fe3817be447336de3de66b15e -> 
  custom:container-demuxer-webm: 4f35f7cbe854078d1ac9338744f61a02 -> 
  custom:container-muxer-webm: aa71ff27fc2769a1b78a27578f13a17b -> 
  custom:video-decoder-webm-vp8: 9c59270c3fd7afecdb556c50c9e8de78 -> 
  custom:SearchIndexIgnoredProperties: e643bd26f0fe6173181afceb89e7c659 -> 
  custom:AudioImporter_EditorPlatform: d09bf68614088b80899f8185d706f6e7 -> 
  custom:video-encoder-webm-vp8: eb34c28f22e8b96e1ab97ce403110664 -> 
  custom:audio-decoder-ogg-vorbis: bf7c407c2cedff20999df2af8eb42d56 -> 
  custom:audio-encoder-webm-vorbis: bf7c407c2cedff20999df2af8eb42d56 -> 
========================================================================
Received Import Request.
  Time since last request: 70.678578 seconds.
  path: Assets/Scripts/EnemyGenerator.cs
  artifactKey: Guid(ddbd86a0c51c84a48a5509c9320384dc) Importer(815301076,1909f56bfc062723c751e8b465ee728b)
Start importing Assets/Scripts/EnemyGenerator.cs using Guid(ddbd86a0c51c84a48a5509c9320384dc) Importer(815301076,1909f56bfc062723c751e8b465ee728b)  -> (artifact id: 'b43fb98aa01c94f1c56cb4931b6776fe') in 0.001881 seconds
Number of updated asset objects reloaded before import = 0
Number of asset objects unloaded after import = 0
========================================================================
Received Prepare
Begin MonoManager ReloadAssembly
- Loaded All Assemblies, in  2.161 seconds
Refreshing native plugins compatible for Editor in 43.61 ms, found 4 plugins.
Native extension for WindowsStandalone target not found
Native extension for WebGL target not found
Mono: successfully reloaded assembly
- Finished resetting the current domain, in  6.456 seconds
Domain Reload Profiling: 8611ms
	BeginReloadAssembly (915ms)
		ExecutionOrderSort (0ms)
		DisableScriptedObjects (35ms)
		BackupInstance (0ms)
		ReleaseScriptingObjects (0ms)
		CreateAndSetChildDomain (327ms)
	RebuildCommonClasses (100ms)
	RebuildNativeTypeToScriptingClass (30ms)
	initialDomainReloadingComplete (88ms)
	LoadAllAssembliesAndSetupDomain (1019ms)
		LoadAssemblies (1321ms)
		RebuildTransferFunctionScriptingTraits (0ms)
		AnalyzeDomain (112ms)
			TypeCache.Refresh (46ms)
				TypeCache.ScanAssembly (5ms)
			ScanForSourceGeneratedMonoScriptInfo (33ms)
			ResolveRequiredComponents (24ms)
	FinalizeReload (6458ms)
		ReleaseScriptCaches (0ms)
		RebuildScriptCaches (0ms)
		SetupLoadedEditorAssemblies (1780ms)
			LogAssemblyErrors (0ms)
			InitializePlatformSupportModulesInManaged (42ms)
			SetLoadedEditorAssemblies (16ms)
			RefreshPlugins (0ms)
			BeforeProcessingInitializeOnLoad (267ms)
			ProcessInitializeOnLoadAttributes (1328ms)
			ProcessInitializeOnLoadMethodAttributes (95ms)
			AfterProcessingInitializeOnLoad (30ms)
			EditorAssembliesLoaded (1ms)
		ExecutionOrderSort2 (0ms)
		AwakeInstancesAfterBackupRestoration (27ms)
Refreshing native plugins compatible for Editor in 43.64 ms, found 4 plugins.
Preloading 0 native plugins for Editor in 0.00 ms.
Unloading 3593 Unused Serialized files (Serialized files now loaded: 0)
Unloading 34 unused Assets / (35.2 KB). Loaded Objects now: 4152.
Memory consumption went from 235.1 MB to 235.1 MB.
Total: 16.395800 ms (FindLiveObjects: 1.352100 ms CreateObjectMapping: 0.803000 ms MarkObjects: 13.760900 ms  DeleteObjects: 0.475800 ms)

Prepare: number of updated asset objects reloaded= 0
AssetImportParameters requested are different than current active one (requested -> active):
  custom:container-demuxer-ogg: 62fdf1f143b41e24485cea50d1cbac27 -> 
  custom:video-codec-MediaFoundation-h265: 746d11721c4dcdbdad8f713fa42b33f4 -> 
  custom:video-decoder-ogg-theora: a1e56fd34408186e4bbccfd4996cb3dc -> 
  custom:framework-win-MediaFoundation: 216162199b28c13a410421893ffa2e32 -> 
  custom:CustomObjectIndexerAttribute: 9a22284fe3817be447336de3de66b15e -> 
  custom:container-demuxer-webm: 4f35f7cbe854078d1ac9338744f61a02 -> 
  custom:container-muxer-webm: aa71ff27fc2769a1b78a27578f13a17b -> 
  custom:video-decoder-webm-vp8: 9c59270c3fd7afecdb556c50c9e8de78 -> 
  custom:SearchIndexIgnoredProperties: e643bd26f0fe6173181afceb89e7c659 -> 
  custom:AudioImporter_EditorPlatform: d09bf68614088b80899f8185d706f6e7 -> 
  custom:video-encoder-webm-vp8: eb34c28f22e8b96e1ab97ce403110664 -> 
  custom:audio-decoder-ogg-vorbis: bf7c407c2cedff20999df2af8eb42d56 -> 
  custom:audio-encoder-webm-vorbis: bf7c407c2cedff20999df2af8eb42d56 -> 
========================================================================
Received Prepare
Begin MonoManager ReloadAssembly
- Loaded All Assemblies, in  1.805 seconds
Refreshing native plugins compatible for Editor in 19.96 ms, found 4 plugins.
Native extension for WindowsStandalone target not found
Native extension for WebGL target not found
Mono: successfully reloaded assembly
- Finished resetting the current domain, in  2.780 seconds
Domain Reload Profiling: 4575ms
	BeginReloadAssembly (739ms)
		ExecutionOrderSort (0ms)
		DisableScriptedObjects (193ms)
		BackupInstance (0ms)
		ReleaseScriptingObjects (0ms)
		CreateAndSetChildDomain (128ms)
	RebuildCommonClasses (96ms)
	RebuildNativeTypeToScriptingClass (35ms)
	initialDomainReloadingComplete (89ms)
	LoadAllAssembliesAndSetupDomain (836ms)
		LoadAssemblies (1113ms)
		RebuildTransferFunctionScriptingTraits (0ms)
		AnalyzeDomain (45ms)
			TypeCache.Refresh (18ms)
				TypeCache.ScanAssembly (0ms)
			ScanForSourceGeneratedMonoScriptInfo (0ms)
			ResolveRequiredComponents (17ms)
	FinalizeReload (2781ms)
		ReleaseScriptCaches (0ms)
		RebuildScriptCaches (0ms)
		SetupLoadedEditorAssemblies (693ms)
			LogAssemblyErrors (0ms)
			InitializePlatformSupportModulesInManaged (13ms)
			SetLoadedEditorAssemblies (7ms)
			RefreshPlugins (0ms)
			BeforeProcessingInitializeOnLoad (126ms)
			ProcessInitializeOnLoadAttributes (493ms)
			ProcessInitializeOnLoadMethodAttributes (35ms)
			AfterProcessingInitializeOnLoad (18ms)
			EditorAssembliesLoaded (0ms)
		ExecutionOrderSort2 (0ms)
		AwakeInstancesAfterBackupRestoration (16ms)
Refreshing native plugins compatible for Editor in 8.96 ms, found 4 plugins.
Preloading 0 native plugins for Editor in 0.00 ms.
Unloading 3594 Unused Serialized files (Serialized files now loaded: 0)
Unloading 34 unused Assets / (35.3 KB). Loaded Objects now: 4156.
Memory consumption went from 237.3 MB to 237.3 MB.
Total: 7.803200 ms (FindLiveObjects: 0.645300 ms CreateObjectMapping: 1.468800 ms MarkObjects: 5.567300 ms  DeleteObjects: 0.120300 ms)

Prepare: number of updated asset objects reloaded= 0
AssetImportParameters requested are different than current active one (requested -> active):
  custom:container-demuxer-ogg: 62fdf1f143b41e24485cea50d1cbac27 -> 
  custom:video-codec-MediaFoundation-h265: 746d11721c4dcdbdad8f713fa42b33f4 -> 
  custom:video-decoder-ogg-theora: a1e56fd34408186e4bbccfd4996cb3dc -> 
  custom:framework-win-MediaFoundation: 216162199b28c13a410421893ffa2e32 -> 
  custom:CustomObjectIndexerAttribute: 9a22284fe3817be447336de3de66b15e -> 
  custom:container-demuxer-webm: 4f35f7cbe854078d1ac9338744f61a02 -> 
  custom:container-muxer-webm: aa71ff27fc2769a1b78a27578f13a17b -> 
  custom:video-decoder-webm-vp8: 9c59270c3fd7afecdb556c50c9e8de78 -> 
  custom:SearchIndexIgnoredProperties: e643bd26f0fe6173181afceb89e7c659 -> 
  custom:AudioImporter_EditorPlatform: d09bf68614088b80899f8185d706f6e7 -> 
  custom:video-encoder-webm-vp8: eb34c28f22e8b96e1ab97ce403110664 -> 
  custom:audio-decoder-ogg-vorbis: bf7c407c2cedff20999df2af8eb42d56 -> 
  custom:audio-encoder-webm-vorbis: bf7c407c2cedff20999df2af8eb42d56 -> 
========================================================================
Received Import Request.
  Time since last request: 87.003280 seconds.
  path: Assets/Scripts/EnemyGenerator.cs
  artifactKey: Guid(ddbd86a0c51c84a48a5509c9320384dc) Importer(815301076,1909f56bfc062723c751e8b465ee728b)
Start importing Assets/Scripts/EnemyGenerator.cs using Guid(ddbd86a0c51c84a48a5509c9320384dc) Importer(815301076,1909f56bfc062723c751e8b465ee728b)  -> (artifact id: '15ba7d85c83f8e89651658b39a2bf7d9') in 0.004619 seconds
Number of updated asset objects reloaded before import = 0
Number of asset objects unloaded after import = 0
========================================================================
Received Prepare
Begin MonoManager ReloadAssembly
- Loaded All Assemblies, in  0.753 seconds
Refreshing native plugins compatible for Editor in 10.27 ms, found 4 plugins.
Native extension for WindowsStandalone target not found
Native extension for WebGL target not found
Mono: successfully reloaded assembly
- Finished resetting the current domain, in  2.820 seconds
Domain Reload Profiling: 3568ms
	BeginReloadAssembly (236ms)
		ExecutionOrderSort (0ms)
		DisableScriptedObjects (9ms)
		BackupInstance (0ms)
		ReleaseScriptingObjects (0ms)
		CreateAndSetChildDomain (52ms)
	RebuildCommonClasses (47ms)
	RebuildNativeTypeToScriptingClass (16ms)
	initialDomainReloadingComplete (55ms)
	LoadAllAssembliesAndSetupDomain (393ms)
		LoadAssemblies (505ms)
		RebuildTransferFunctionScriptingTraits (0ms)
		AnalyzeDomain (23ms)
			TypeCache.Refresh (9ms)
				TypeCache.ScanAssembly (0ms)
			ScanForSourceGeneratedMonoScriptInfo (0ms)
			ResolveRequiredComponents (10ms)
	FinalizeReload (2821ms)
		ReleaseScriptCaches (0ms)
		RebuildScriptCaches (0ms)
		SetupLoadedEditorAssemblies (1085ms)
			LogAssemblyErrors (0ms)
			InitializePlatformSupportModulesInManaged (23ms)
			SetLoadedEditorAssemblies (9ms)
			RefreshPlugins (0ms)
			BeforeProcessingInitializeOnLoad (160ms)
			ProcessInitializeOnLoadAttributes (814ms)
			ProcessInitializeOnLoadMethodAttributes (61ms)
			AfterProcessingInitializeOnLoad (17ms)
			EditorAssembliesLoaded (1ms)
		ExecutionOrderSort2 (0ms)
		AwakeInstancesAfterBackupRestoration (18ms)
Refreshing native plugins compatible for Editor in 25.26 ms, found 4 plugins.
Preloading 0 native plugins for Editor in 0.00 ms.
Unloading 3593 Unused Serialized files (Serialized files now loaded: 0)
Unloading 34 unused Assets / (35.3 KB). Loaded Objects now: 4160.
Memory consumption went from 239.0 MB to 238.9 MB.
Total: 6.196600 ms (FindLiveObjects: 0.787500 ms CreateObjectMapping: 0.927000 ms MarkObjects: 4.365300 ms  DeleteObjects: 0.114100 ms)

Prepare: number of updated asset objects reloaded= 0
AssetImportParameters requested are different than current active one (requested -> active):
  custom:container-demuxer-ogg: 62fdf1f143b41e24485cea50d1cbac27 -> 
  custom:video-codec-MediaFoundation-h265: 746d11721c4dcdbdad8f713fa42b33f4 -> 
  custom:video-decoder-ogg-theora: a1e56fd34408186e4bbccfd4996cb3dc -> 
  custom:framework-win-MediaFoundation: 216162199b28c13a410421893ffa2e32 -> 
  custom:CustomObjectIndexerAttribute: 9a22284fe3817be447336de3de66b15e -> 
  custom:container-demuxer-webm: 4f35f7cbe854078d1ac9338744f61a02 -> 
  custom:container-muxer-webm: aa71ff27fc2769a1b78a27578f13a17b -> 
  custom:video-decoder-webm-vp8: 9c59270c3fd7afecdb556c50c9e8de78 -> 
  custom:SearchIndexIgnoredProperties: e643bd26f0fe6173181afceb89e7c659 -> 
  custom:AudioImporter_EditorPlatform: d09bf68614088b80899f8185d706f6e7 -> 
  custom:video-encoder-webm-vp8: eb34c28f22e8b96e1ab97ce403110664 -> 
  custom:audio-decoder-ogg-vorbis: bf7c407c2cedff20999df2af8eb42d56 -> 
  custom:audio-encoder-webm-vorbis: bf7c407c2cedff20999df2af8eb42d56 -> 
========================================================================
Received Prepare
Begin MonoManager ReloadAssembly
- Loaded All Assemblies, in  0.898 seconds
Refreshing native plugins compatible for Editor in 11.54 ms, found 4 plugins.
Native extension for WindowsStandalone target not found
Native extension for WebGL target not found
Mono: successfully reloaded assembly
- Finished resetting the current domain, in  4.763 seconds
Domain Reload Profiling: 5656ms
	BeginReloadAssembly (301ms)
		ExecutionOrderSort (0ms)
		DisableScriptedObjects (11ms)
		BackupInstance (0ms)
		ReleaseScriptingObjects (0ms)
		CreateAndSetChildDomain (72ms)
	RebuildCommonClasses (67ms)
	RebuildNativeTypeToScriptingClass (19ms)
	initialDomainReloadingComplete (53ms)
	LoadAllAssembliesAndSetupDomain (452ms)
		LoadAssemblies (592ms)
		RebuildTransferFunctionScriptingTraits (0ms)
		AnalyzeDomain (29ms)
			TypeCache.Refresh (12ms)
				TypeCache.ScanAssembly (0ms)
			ScanForSourceGeneratedMonoScriptInfo (0ms)
			ResolveRequiredComponents (13ms)
	FinalizeReload (4764ms)
		ReleaseScriptCaches (0ms)
		RebuildScriptCaches (0ms)
		SetupLoadedEditorAssemblies (1467ms)
			LogAssemblyErrors (0ms)
			InitializePlatformSupportModulesInManaged (28ms)
			SetLoadedEditorAssemblies (10ms)
			RefreshPlugins (0ms)
			BeforeProcessingInitializeOnLoad (214ms)
			ProcessInitializeOnLoadAttributes (1104ms)
			ProcessInitializeOnLoadMethodAttributes (86ms)
			AfterProcessingInitializeOnLoad (24ms)
			EditorAssembliesLoaded (0ms)
		ExecutionOrderSort2 (0ms)
		AwakeInstancesAfterBackupRestoration (18ms)
Refreshing native plugins compatible for Editor in 14.48 ms, found 4 plugins.
Preloading 0 native plugins for Editor in 0.00 ms.
Unloading 3594 Unused Serialized files (Serialized files now loaded: 0)
Unloading 34 unused Assets / (35.2 KB). Loaded Objects now: 4164.
Memory consumption went from 241.2 MB to 241.1 MB.
Total: 11.577100 ms (FindLiveObjects: 0.915800 ms CreateObjectMapping: 0.900700 ms MarkObjects: 9.526100 ms  DeleteObjects: 0.229900 ms)

Prepare: number of updated asset objects reloaded= 0
AssetImportParameters requested are different than current active one (requested -> active):
  custom:container-demuxer-ogg: 62fdf1f143b41e24485cea50d1cbac27 -> 
  custom:video-codec-MediaFoundation-h265: 746d11721c4dcdbdad8f713fa42b33f4 -> 
  custom:video-decoder-ogg-theora: a1e56fd34408186e4bbccfd4996cb3dc -> 
  custom:framework-win-MediaFoundation: 216162199b28c13a410421893ffa2e32 -> 
  custom:CustomObjectIndexerAttribute: 9a22284fe3817be447336de3de66b15e -> 
  custom:container-demuxer-webm: 4f35f7cbe854078d1ac9338744f61a02 -> 
  custom:container-muxer-webm: aa71ff27fc2769a1b78a27578f13a17b -> 
  custom:video-decoder-webm-vp8: 9c59270c3fd7afecdb556c50c9e8de78 -> 
  custom:SearchIndexIgnoredProperties: e643bd26f0fe6173181afceb89e7c659 -> 
  custom:AudioImporter_EditorPlatform: d09bf68614088b80899f8185d706f6e7 -> 
  custom:video-encoder-webm-vp8: eb34c28f22e8b96e1ab97ce403110664 -> 
  custom:audio-decoder-ogg-vorbis: bf7c407c2cedff20999df2af8eb42d56 -> 
  custom:audio-encoder-webm-vorbis: bf7c407c2cedff20999df2af8eb42d56 -> 
========================================================================
Received Import Request.
  Time since last request: 239.006454 seconds.
  path: Assets/Parkgarage/Prefabs/machines/BattierGate_prefab.prefab
  artifactKey: Guid(7c29ac97a1831bc4a998dd5de54aef5d) Importer(815301076,1909f56bfc062723c751e8b465ee728b)
Start importing Assets/Parkgarage/Prefabs/machines/BattierGate_prefab.prefab using Guid(7c29ac97a1831bc4a998dd5de54aef5d) Importer(815301076,1909f56bfc062723c751e8b465ee728b)  -> (artifact id: '023647b036b9319979430aba0f938fb8') in 0.380542 seconds
Number of updated asset objects reloaded before import = 0
Number of asset objects unloaded after import = 31
========================================================================
Received Import Request.
  Time since last request: 0.000046 seconds.
  path: Assets/Parkgarage/Prefabs/plants/Bush_Prefab.prefab
  artifactKey: Guid(0074fb2f268a16a4c841155dd6357ae9) Importer(815301076,1909f56bfc062723c751e8b465ee728b)
Start importing Assets/Parkgarage/Prefabs/plants/Bush_Prefab.prefab using Guid(0074fb2f268a16a4c841155dd6357ae9) Importer(815301076,1909f56bfc062723c751e8b465ee728b)  -> (artifact id: '8db200c5804a43340f47abd787795384') in 0.004314 seconds
Number of updated asset objects reloaded before import = 0
Number of asset objects unloaded after import = 8
========================================================================
Received Import Request.
  Time since last request: 0.000058 seconds.
  path: Assets/Parkgarage/Prefabs/machines/pole_prefab.prefab
  artifactKey: Guid(fa4cadb87fb68304bb763421ddb51aed) Importer(815301076,1909f56bfc062723c751e8b465ee728b)
Start importing Assets/Parkgarage/Prefabs/machines/pole_prefab.prefab using Guid(fa4cadb87fb68304bb763421ddb51aed) Importer(815301076,1909f56bfc062723c751e8b465ee728b)  -> (artifact id: '4708c0b8e956317d6fa9efad3b021a61') in 0.119328 seconds
Number of updated asset objects reloaded before import = 0
Number of asset objects unloaded after import = 13
========================================================================
Received Import Request.
  Time since last request: 0.000074 seconds.
  path: Assets/Parkgarage/Prefabs/doors/Door_0.3_prefab.prefab
  artifactKey: Guid(55393b141d189c34a8a2ef144e549c90) Importer(815301076,1909f56bfc062723c751e8b465ee728b)
Start importing Assets/Parkgarage/Prefabs/doors/Door_0.3_prefab.prefab using Guid(55393b141d189c34a8a2ef144e549c90) Importer(815301076,1909f56bfc062723c751e8b465ee728b)  -> (artifact id: '6f270e06667c4346df5becb487ba699b') in 0.177865 seconds
Number of updated asset objects reloaded before import = 0
Number of asset objects unloaded after import = 41
========================================================================
Received Import Request.
  Time since last request: 0.000169 seconds.
  path: Assets/Parkgarage/Prefabs/signs/Don`t_enter_sign_prefab.prefab
  artifactKey: Guid(64b963fdb007e814a973a2b62d25ef7d) Importer(815301076,1909f56bfc062723c751e8b465ee728b)
Start importing Assets/Parkgarage/Prefabs/signs/Don`t_enter_sign_prefab.prefab using Guid(64b963fdb007e814a973a2b62d25ef7d) Importer(815301076,1909f56bfc062723c751e8b465ee728b)  -> (artifact id: '945fd0a343f17c785f2ee4c4e455bba0') in 0.062133 seconds
Number of updated asset objects reloaded before import = 0
Number of asset objects unloaded after import = 14
========================================================================
Received Import Request.
  Time since last request: 0.000114 seconds.
  path: Assets/Parkgarage/Prefabs/signs/Checkout_box_prefab.prefab
  artifactKey: Guid(0c197f5f8d89fa44cb6f344ad2a297ee) Importer(815301076,1909f56bfc062723c751e8b465ee728b)
Start importing Assets/Parkgarage/Prefabs/signs/Checkout_box_prefab.prefab using Guid(0c197f5f8d89fa44cb6f344ad2a297ee) Importer(815301076,1909f56bfc062723c751e8b465ee728b)  -> (artifact id: 'f0ef306c696f101de6a96a6cfef2650b') in 0.069520 seconds
Number of updated asset objects reloaded before import = 0
Number of asset objects unloaded after import = 16
========================================================================
Received Import Request.
  Time since last request: 0.000053 seconds.
  path: Assets/Parkgarage/Prefabs/signs/Exit_sign_prefab.prefab
  artifactKey: Guid(ccdc18a39fa7594438e15ab7efccd61d) Importer(815301076,1909f56bfc062723c751e8b465ee728b)
Start importing Assets/Parkgarage/Prefabs/signs/Exit_sign_prefab.prefab using Guid(ccdc18a39fa7594438e15ab7efccd61d) Importer(815301076,1909f56bfc062723c751e8b465ee728b)  -> (artifact id: 'a5b8a04acddd0d8a1415a1cfbd6f63d0') in 0.051640 seconds
Number of updated asset objects reloaded before import = 0
Number of asset objects unloaded after import = 14
========================================================================
Received Import Request.
  Time since last request: 0.000048 seconds.
  path: Assets/Parkgarage/Prefabs/signs/HighLimit_sign_prefab.prefab
  artifactKey: Guid(8b5cb9b06e19aff43a93ebce7af59e7c) Importer(815301076,1909f56bfc062723c751e8b465ee728b)
Start importing Assets/Parkgarage/Prefabs/signs/HighLimit_sign_prefab.prefab using Guid(8b5cb9b06e19aff43a93ebce7af59e7c) Importer(815301076,1909f56bfc062723c751e8b465ee728b)  -> (artifact id: '2e1c2e09b3650fd21c202bf1307f8511') in 0.051884 seconds
Number of updated asset objects reloaded before import = 0
Number of asset objects unloaded after import = 14
========================================================================
Received Import Request.
  Time since last request: 0.000032 seconds.
  path: Assets/Parkgarage/Prefabs/lamps/Lamp_parkgarage_prefab.prefab
  artifactKey: Guid(9e64e386550c6c1409eab88cc46172a8) Importer(815301076,1909f56bfc062723c751e8b465ee728b)
Start importing Assets/Parkgarage/Prefabs/lamps/Lamp_parkgarage_prefab.prefab using Guid(9e64e386550c6c1409eab88cc46172a8) Importer(815301076,1909f56bfc062723c751e8b465ee728b)  -> (artifact id: '0e101e35dd12c4f658d4bc4d83d5e331') in 0.063723 seconds
Number of updated asset objects reloaded before import = 0
Number of asset objects unloaded after import = 18
========================================================================
Received Import Request.
  Time since last request: 0.000030 seconds.
  path: Assets/Parkgarage/Prefabs/signs/Parkgarage_sign_prefab.prefab
  artifactKey: Guid(3bd988de35e49ba449b14499dc6c723d) Importer(815301076,1909f56bfc062723c751e8b465ee728b)
Start importing Assets/Parkgarage/Prefabs/signs/Parkgarage_sign_prefab.prefab using Guid(3bd988de35e49ba449b14499dc6c723d) Importer(815301076,1909f56bfc062723c751e8b465ee728b)  -> (artifact id: 'e8b7a2638eb35d5c02afeb0758a9d146') in 0.078035 seconds
Number of updated asset objects reloaded before import = 0
Number of asset objects unloaded after import = 15
========================================================================
Received Import Request.
  Time since last request: 1.356649 seconds.
  path: Assets/Imports/BigRookGames/_AssetPacks/Stylized Weapon Pack/Stylized Rocket Launcher/Prefabs
  artifactKey: Guid(ca156c5724941124cbebacb46579df11) Importer(815301076,1909f56bfc062723c751e8b465ee728b)
Start importing Assets/Imports/BigRookGames/_AssetPacks/Stylized Weapon Pack/Stylized Rocket Launcher/Prefabs using Guid(ca156c5724941124cbebacb46579df11) Importer(815301076,1909f56bfc062723c751e8b465ee728b)  -> (artifact id: 'a99ba7b3d6f2bb3b7d8b01334232be70') in 0.001012 seconds
Number of updated asset objects reloaded before import = 0
Number of asset objects unloaded after import = 0
========================================================================
Received Prepare
Begin MonoManager ReloadAssembly
- Loaded All Assemblies, in  1.384 seconds
Refreshing native plugins compatible for Editor in 31.78 ms, found 4 plugins.
Native extension for WindowsStandalone target not found
Native extension for WebGL target not found
Mono: successfully reloaded assembly
- Finished resetting the current domain, in  5.337 seconds
Domain Reload Profiling: 6709ms
	BeginReloadAssembly (409ms)
		ExecutionOrderSort (0ms)
		DisableScriptedObjects (11ms)
		BackupInstance (0ms)
		ReleaseScriptingObjects (0ms)
		CreateAndSetChildDomain (89ms)
	RebuildCommonClasses (101ms)
	RebuildNativeTypeToScriptingClass (35ms)
	initialDomainReloadingComplete (110ms)
	LoadAllAssembliesAndSetupDomain (716ms)
		LoadAssemblies (902ms)
		RebuildTransferFunctionScriptingTraits (0ms)
		AnalyzeDomain (63ms)
			TypeCache.Refresh (23ms)
				TypeCache.ScanAssembly (0ms)
			ScanForSourceGeneratedMonoScriptInfo (0ms)
			ResolveRequiredComponents (25ms)
	FinalizeReload (5339ms)
		ReleaseScriptCaches (0ms)
		RebuildScriptCaches (0ms)
		SetupLoadedEditorAssemblies (1606ms)
			LogAssemblyErrors (0ms)
			InitializePlatformSupportModulesInManaged (35ms)
			SetLoadedEditorAssemblies (13ms)
			RefreshPlugins (0ms)
			BeforeProcessingInitializeOnLoad (251ms)
			ProcessInitializeOnLoadAttributes (1188ms)
			ProcessInitializeOnLoadMethodAttributes (91ms)
			AfterProcessingInitializeOnLoad (27ms)
			EditorAssembliesLoaded (1ms)
		ExecutionOrderSort2 (0ms)
		AwakeInstancesAfterBackupRestoration (20ms)
Refreshing native plugins compatible for Editor in 16.16 ms, found 4 plugins.
Preloading 0 native plugins for Editor in 0.00 ms.
Unloading 3593 Unused Serialized files (Serialized files now loaded: 0)
Unloading 34 unused Assets / (35.2 KB). Loaded Objects now: 4168.
Memory consumption went from 243.2 MB to 243.2 MB.
Total: 12.309500 ms (FindLiveObjects: 0.764900 ms CreateObjectMapping: 1.414200 ms MarkObjects: 9.974200 ms  DeleteObjects: 0.153900 ms)

Prepare: number of updated asset objects reloaded= 0
AssetImportParameters requested are different than current active one (requested -> active):
  custom:container-demuxer-ogg: 62fdf1f143b41e24485cea50d1cbac27 -> 
  custom:video-codec-MediaFoundation-h265: 746d11721c4dcdbdad8f713fa42b33f4 -> 
  custom:video-decoder-ogg-theora: a1e56fd34408186e4bbccfd4996cb3dc -> 
  custom:framework-win-MediaFoundation: 216162199b28c13a410421893ffa2e32 -> 
  custom:CustomObjectIndexerAttribute: 9a22284fe3817be447336de3de66b15e -> 
  custom:container-demuxer-webm: 4f35f7cbe854078d1ac9338744f61a02 -> 
  custom:container-muxer-webm: aa71ff27fc2769a1b78a27578f13a17b -> 
  custom:video-decoder-webm-vp8: 9c59270c3fd7afecdb556c50c9e8de78 -> 
  custom:SearchIndexIgnoredProperties: e643bd26f0fe6173181afceb89e7c659 -> 
  custom:AudioImporter_EditorPlatform: d09bf68614088b80899f8185d706f6e7 -> 
  custom:video-encoder-webm-vp8: eb34c28f22e8b96e1ab97ce403110664 -> 
  custom:audio-decoder-ogg-vorbis: bf7c407c2cedff20999df2af8eb42d56 -> 
  custom:audio-encoder-webm-vorbis: bf7c407c2cedff20999df2af8eb42d56 -> 
Editor requested this worker to shutdown with reason: Scaling down because of idle timeout
TcpMessagingSession - receive error: operation aborted. errorcode: 995, details: スレッドの終了またはアプリケーションの要求によって、I/O 処理は中止されました。
AssetImportWorker is now disconnected from the server
Process exiting
Exiting without the bug reporter. Application will terminate with return code 0